time_s,front_y_px_raw,front_y_px_smooth
0.0,,
0.04,,
0.08,,
0.12,,
0.16,,
0.2,,
0.24,,
0.28,,
0.32,,
0.36,,
0.4,,
0.44,,
0.48,,
0.52,,
0.56,,
0.6,,
0.64,,
0.68,,
0.72,,
0.76,,
0.8,,
0.84,,
0.88,,
0.92,,
0.96,,
1.0,,
1.04,,
1.08,,
1.12,,
1.16,,
1.2,,
1.24,,
1.28,,
1.32,,
1.36,,
1.4,,
1.44,,
1.48,,
1.52,,
1.56,,
1.6,,
1.64,,
1.68,,
1.72,,
1.76,,
1.8,,
1.84,,
1.88,,
1.92,,
1.96,,
2.0,,
2.04,,
2.08,,
2.12,,
2.16,,
2.2,,
2.24,,
2.28,,
2.32,,
2.36,,
2.4,,
2.44,,
2.48,,
2.52,,
2.56,,
2.6,,
2.64,,
2.68,,
2.72,,
2.76,,
2.8,,
2.84,,
2.88,,
2.92,,
2.96,,
3.0,,
3.04,,
3.08,,
3.12,,
3.16,,
3.2,,
3.24,,
3.28,,
3.32,,
3.36,,
3.4,,
3.44,,
3.48,,
3.52,,
3.56,,
3.6,,
3.64,,
3.68,,
3.72,,
3.76,,
3.8,,
3.84,,
3.88,,
3.92,,
3.96,,
4.0,,
4.04,,
4.08,,
4.12,,
4.16,,
4.2,,
4.24,,
4.28,,
4.32,,
4.36,,
4.4,,
4.44,,
4.48,,
4.52,,
4.56,,
4.6,,
4.64,,
4.68,,
4.72,,
4.76,,
4.8,,
4.84,,
4.88,,
4.92,,
4.96,,
5.0,,
5.04,,
5.08,,
5.12,,
5.16,,
5.2,,
5.24,,
5.28,,
5.32,,
5.36,,
5.4,,
5.44,,
5.48,,
5.52,,
5.56,,
5.6,,
5.64,,
5.68,,
5.72,,
5.76,,
5.8,,
5.84,,
5.88,,
5.92,,
5.96,,
6.0,,
6.04,,
6.08,,
6.12,,
6.16,,
6.2,,
6.24,,
6.28,,
6.32,,
6.36,,
6.4,,
6.44,,
6.48,,
6.52,,
6.56,,
6.6,,
6.64,,
6.68,,
6.72,,
6.76,,
6.8,,
6.84,,
6.88,,
6.92,,
6.96,,
7.0,,
7.04,,
7.08,,
7.12,,
7.16,,
7.2,,
7.24,,
7.28,,
7.32,,
7.36,,
7.4,,
7.44,,
7.48,,
7.52,,
7.56,,
7.6,,
7.64,,
7.68,,
7.72,,
7.76,,
7.8,,
7.84,,
7.88,,
7.92,,
7.96,,
8.0,,
8.04,,
8.08,,
8.12,,
8.16,,
8.2,,
8.24,,
8.28,,
8.32,,
8.36,,
8.4,,
8.44,,
8.48,,
8.52,,
8.56,,
8.6,,
8.64,,
8.68,,
8.72,,
8.76,,
8.8,,
8.84,,
8.88,,
8.92,,
8.96,,
9.0,,
9.04,,
9.08,,
9.12,,
9.16,,
9.2,,
9.24,,
9.28,,
9.32,,
9.36,,
9.4,,
9.44,,
9.48,,
9.52,,
9.56,,
9.6,,
9.64,,
9.68,,
9.72,,
9.76,,
9.8,,
9.84,,
9.88,,
9.92,,
9.96,,
10.0,,
10.04,,
10.08,,
10.12,,
10.16,,
10.2,,
10.24,,
10.28,,
10.32,,
10.36,,
10.4,,
10.44,,
10.48,,
10.52,,
10.56,,
10.6,,
10.64,,
10.68,,
10.72,,
10.76,,
10.8,,
10.84,,
10.88,,
10.92,,
10.96,,
11.0,,
11.04,,
11.08,,
11.12,,
11.16,,
11.2,,
11.24,,
11.28,,
11.32,,
11.36,,
11.4,,
11.44,,
11.48,,
11.52,,
11.56,,
11.6,,
11.64,,
11.68,,
11.72,,
11.76,,
11.8,,
11.84,,90.0
11.88,,90.0
11.92,90.0,90.0
11.96,90.0,90.0
12.0,90.0,90.0
12.04,90.0,90.0
12.08,90.0,90.0
12.12,90.0,90.0
12.16,90.0,90.0
12.2,90.0,90.0
12.24,90.0,90.0
12.28,90.0,90.0
12.32,90.0,90.0
12.36,90.0,90.0
12.4,90.0,90.0
12.44,90.0,90.0
12.48,90.0,90.0
12.52,90.0,90.0
12.56,90.0,90.0
12.6,90.0,90.0
12.64,90.0,90.0
12.68,90.0,90.0
12.72,90.0,90.0
12.76,90.0,90.0
12.8,90.0,90.0
12.84,90.0,90.0
12.88,90.0,90.0
12.92,90.0,90.0
12.96,90.0,90.0
13.0,90.0,90.0
13.04,90.0,90.0
13.08,90.0,90.0
13.12,90.0,90.0
13.16,90.0,90.0
13.2,90.0,90.0
13.24,90.0,90.0
13.28,90.0,90.0
13.32,90.0,90.0
13.36,90.0,90.0
13.4,90.0,90.0
13.44,90.0,90.0
13.48,90.0,90.0
13.52,90.0,90.0
13.56,90.0,90.0
13.6,90.0,90.0
13.64,90.0,90.0
13.68,90.0,90.0
13.72,90.0,90.0
13.76,90.0,90.0
13.8,90.0,90.0
13.84,90.0,90.0
13.88,90.0,90.0
13.92,90.0,90.0
13.96,90.0,90.0
14.0,90.0,90.0
14.04,90.0,90.0
14.08,90.0,90.0
14.12,90.0,90.0
14.16,90.0,90.0
14.2,90.0,90.0
14.24,90.0,90.0
14.28,90.0,90.0
14.32,90.0,90.0
14.36,90.0,90.0
14.4,90.0,90.0
14.44,90.0,90.0
14.48,90.0,90.0
14.52,90.0,90.0
14.56,90.0,90.0
14.6,90.0,90.0
14.64,90.0,90.0
14.68,90.0,90.0
14.72,90.0,90.0
14.76,90.0,90.0
14.8,90.0,90.0
14.84,90.0,90.0
14.88,90.0,90.0
14.92,90.0,90.0
14.96,90.0,90.0
15.0,90.0,90.0
15.04,90.0,90.0
15.08,90.0,90.0
15.12,90.0,90.0
15.16,,90.0
15.2,,90.0
15.24,,
15.28,,
15.32,,
15.36,,
15.4,,
15.44,,
15.48,,
15.52,,
15.56,,
15.6,,
15.64,,
15.68,,
15.72,,
15.76,,
15.8,,
15.84,,
15.88,,
15.92,,
15.96,,
16.0,,
16.04,,
16.08,,
16.12,,
16.16,,
16.2,,90.0
16.24,,90.0
16.28,90.0,90.0
16.32,90.0,90.0
16.36,90.0,90.0
16.4,90.0,90.0
16.44,90.0,90.0
16.48,90.0,90.0
16.52,90.0,90.0
16.56,90.0,90.0
16.6,90.0,90.0
16.64,90.0,90.0
16.68,90.0,90.0
16.72,90.0,90.0
16.76,90.0,90.0
16.8,90.0,90.0
16.84,90.0,90.0
16.88,90.0,90.0
16.92,90.0,90.0
16.96,90.0,90.0
17.0,90.0,90.0
17.04,90.0,90.0
17.08,90.0,90.0
17.12,90.0,90.0
17.16,90.0,90.0
17.2,90.0,90.0
17.24,90.0,90.0
17.28,90.0,90.0
17.32,90.0,90.0
17.36,90.0,90.0
17.4,90.0,90.0
17.44,90.0,90.0
17.48,90.0,90.0
17.52,90.0,90.0
17.56,90.0,90.0
17.6,90.0,90.0
17.64,90.0,90.0
17.68,90.0,90.0
17.72,90.0,90.0
17.76,90.0,90.0
17.8,90.0,90.0
17.84,90.0,90.0
17.88,90.0,90.0
17.92,90.0,90.0
17.96,90.0,90.0
18.0,90.0,90.0
18.04,90.0,90.0
18.08,90.0,90.0
18.12,90.0,90.0
18.16,90.0,90.0
18.2,90.0,90.0
18.24,90.0,90.0
18.28,90.0,90.0
18.32,90.0,90.0
18.36,90.0,90.0
18.4,90.0,90.0
18.44,90.0,90.0
18.48,90.0,90.0
18.52,90.0,90.0
18.56,90.0,90.0
18.6,90.0,90.0
18.64,90.0,90.0
18.68,90.0,90.0
18.72,90.0,90.0
18.76,90.0,90.0
18.8,90.0,90.0
18.84,90.0,90.0
18.88,90.0,90.0
18.92,90.0,90.0
18.96,90.0,90.0
19.0,90.0,90.0
19.04,90.0,90.0
19.08,90.0,90.0
19.12,90.0,90.0
19.16,90.0,90.0
19.2,90.0,90.0
19.24,90.0,90.0
19.28,90.0,90.0
19.32,90.0,90.0
19.36,90.0,90.0
19.4,90.0,90.0
19.44,90.0,90.0
19.48,90.0,90.0
19.52,90.0,90.0
19.56,90.0,90.0
19.6,90.0,90.0
19.64,90.0,90.0
19.68,90.0,90.0
19.72,90.0,90.0
19.76,90.0,90.0
19.8,90.0,90.0
19.84,90.0,90.0
19.88,90.0,90.0
19.92,90.0,90.0
19.96,90.0,90.0
20.0,90.0,90.0
20.04,90.0,90.0
20.08,90.0,90.0
20.12,90.0,90.0
20.16,90.0,90.0
20.2,90.0,90.0
20.24,90.0,90.0
20.28,90.0,90.0
20.32,90.0,90.0
20.36,90.0,90.0
20.4,90.0,90.0
20.44,90.0,90.0
20.48,90.0,90.0
20.52,90.0,90.0
20.56,90.0,90.0
20.6,90.0,90.0
20.64,90.0,90.0
20.68,90.0,90.0
20.72,90.0,90.0
20.76,90.0,90.0
20.8,90.0,90.0
20.84,90.0,90.0
20.88,90.0,90.0
20.92,90.0,90.0
20.96,90.0,90.0
21.0,90.0,90.0
21.04,90.0,90.0
21.08,90.0,90.0
21.12,90.0,90.0
21.16,90.0,90.0
21.2,90.0,90.0
21.24,90.0,90.0
21.28,90.0,90.0
21.32,90.0,90.0
21.36,90.0,90.0
21.4,90.0,90.0
21.44,90.0,90.0
21.48,90.0,90.0
21.52,90.0,90.0
21.56,90.0,90.0
21.6,90.0,90.0
21.64,90.0,90.0
21.68,90.0,90.0
21.72,90.0,90.0
21.76,90.0,90.0
21.8,90.0,90.0
21.84,90.0,90.0
21.88,90.0,90.0
21.92,90.0,90.0
21.96,90.0,90.0
22.0,90.0,90.0
22.04,90.0,90.0
22.08,90.0,90.0
22.12,90.0,90.0
22.16,90.0,90.0
22.2,90.0,90.0
22.24,90.0,90.0
22.28,90.0,90.0
22.32,90.0,90.0
22.36,90.0,90.0
22.4,,90.0
22.44,,90.0
22.48,90.0,90.0
22.52,90.0,90.0
22.56,90.0,90.0
22.6,90.0,90.0
22.64,90.0,90.0
22.68,90.0,90.0
22.72,90.0,90.0
22.76,90.0,90.0
22.8,90.0,90.0
22.84,90.0,90.0
22.88,90.0,90.0
22.92,90.0,90.0
22.96,90.0,90.0
23.0,90.0,90.0
23.04,90.0,90.0
23.08,90.0,90.0
23.12,90.0,90.0
23.16,90.0,90.0
23.2,90.0,90.0
23.24,90.0,90.0
23.28,90.0,90.0
23.32,90.0,90.0
23.36,90.0,90.0
23.4,90.0,90.0
23.44,90.0,90.0
23.48,90.0,90.0
23.52,90.0,90.0
23.56,,90.0
23.6,,90.0
23.64,90.0,90.0
23.68,90.0,90.0
23.72,90.0,90.0
23.76,90.0,90.0
23.8,90.0,90.0
23.84,,90.0
23.88,,90.0
23.92,,90.0
23.96,90.0,90.0
24.0,90.0,90.0
24.04,90.0,90.0
24.08,90.0,90.0
24.12,90.0,90.0
24.16,90.0,90.0
24.2,90.0,90.0
24.24,90.0,90.0
24.28,90.0,90.0
24.32,90.0,90.0
24.36,90.0,90.0
24.4,90.0,90.0
24.44,90.0,90.0
24.48,90.0,90.0
24.52,90.0,90.0
24.56,90.0,90.0
24.6,90.0,90.0
24.64,90.0,90.0
24.68,90.0,90.0
24.72,90.0,90.0
24.76,90.0,90.0
24.8,90.0,90.0
24.84,90.0,90.0
24.88,90.0,90.0
24.92,90.0,90.0
24.96,90.0,90.0
25.0,90.0,90.0
25.04,90.0,90.0
25.08,90.0,90.0
25.12,90.0,90.0
25.16,90.0,90.0
25.2,90.0,90.0
25.24,90.0,90.0
25.28,90.0,90.0
25.32,90.0,90.0
25.36,90.0,90.0
25.4,90.0,90.0
25.44,90.0,90.0
25.48,90.0,90.0
25.52,90.0,90.0
25.56,90.0,90.0
25.6,90.0,90.0
25.64,90.0,90.0
25.68,90.0,90.0
25.72,90.0,90.0
25.76,90.0,90.0
25.8,90.0,90.0
25.84,90.0,90.0
25.88,90.0,90.0
25.92,90.0,90.0
25.96,90.0,90.0
26.0,90.0,90.0
26.04,90.0,90.0
26.08,90.0,90.0
26.12,90.0,90.0
26.16,90.0,90.0
26.2,90.0,90.0
26.24,90.0,90.0
26.28,90.0,90.0
26.32,90.0,90.0
26.36,90.0,90.0
26.4,90.0,90.0
26.44,90.0,90.0
26.48,90.0,90.0
26.52,90.0,90.0
26.56,90.0,90.0
26.6,90.0,90.0
26.64,90.0,90.0
26.68,90.0,90.0
26.72,90.0,90.0
26.76,90.0,90.0
26.8,90.0,90.0
26.84,90.0,90.0
26.88,90.0,90.0
26.92,90.0,90.0
26.96,90.0,90.0
27.0,90.0,90.0
27.04,90.0,90.0
27.08,90.0,90.0
27.12,90.0,90.0
27.16,90.0,90.0
27.2,90.0,90.0
27.24,90.0,90.0
27.28,90.0,90.0
27.32,90.0,90.0
27.36,90.0,90.0
27.4,90.0,90.0
27.44,90.0,90.0
27.48,90.0,90.0
27.52,90.0,90.0
27.56,90.0,90.0
27.6,90.0,90.0
27.64,90.0,90.0
27.68,90.0,90.0
27.72,90.0,90.0
27.76,90.0,90.0
27.8,90.0,90.0
27.84,90.0,90.0
27.88,90.0,90.0
27.92,90.0,90.0
27.96,90.0,90.0
28.0,90.0,90.0
28.04,90.0,90.0
28.08,90.0,90.0
28.12,90.0,90.0
28.16,90.0,90.0
28.2,90.0,90.0
28.24,90.0,90.0
28.28,90.0,90.0
28.32,90.0,90.0
28.36,90.0,90.0
28.4,90.0,90.0
28.44,90.0,90.0
28.48,90.0,90.0
28.52,90.0,90.0
28.56,90.0,90.0
28.6,90.0,90.0
28.64,90.0,90.0
28.68,90.0,90.0
28.72,90.0,90.0
28.76,90.0,90.0
28.8,90.0,90.0
28.84,90.0,90.0
28.88,90.0,90.0
28.92,90.0,90.0
28.96,90.0,90.0
29.0,90.0,90.0
29.04,90.0,90.0
29.08,90.0,90.0
29.12,90.0,90.0
29.16,90.0,90.0
29.2,90.0,90.0
29.24,90.0,90.0
29.28,90.0,90.0
29.32,90.0,90.0
29.36,90.0,90.0
29.4,90.0,90.0
29.44,90.0,90.0
29.48,90.0,90.0
29.52,90.0,90.0
29.56,90.0,90.0
29.6,90.0,90.0
29.64,90.0,90.0
29.68,90.0,90.0
29.72,90.0,90.0
29.76,90.0,90.0
29.8,90.0,90.0
29.84,90.0,90.0
29.88,90.0,90.0
29.92,90.0,90.0
29.96,90.0,90.0
30.0,90.0,90.0
30.04,90.0,90.0
30.08,90.0,90.0
30.12,90.0,90.0
30.16,90.0,90.0
30.2,90.0,90.0
30.24,90.0,90.0
30.28,90.0,90.0
30.32,90.0,90.0
30.36,90.0,90.0
30.4,90.0,90.0
30.44,90.0,90.0
30.48,90.0,90.0
30.52,90.0,90.0
30.56,90.0,90.0
30.6,90.0,90.0
30.64,90.0,90.0
30.68,90.0,90.0
30.72,90.0,90.0
30.76,90.0,90.0
30.8,90.0,90.0
30.84,90.0,90.0
30.88,90.0,90.0
30.92,90.0,90.0
30.96,90.0,90.0
31.0,90.0,90.0
31.04,90.0,90.0
31.08,90.0,90.0
31.12,90.0,90.0
31.16,90.0,90.0
31.2,90.0,90.0
31.24,90.0,90.0
31.28,90.0,90.0
31.32,90.0,90.0
31.36,90.0,90.0
31.4,90.0,90.0
31.44,90.0,90.0
31.48,90.0,90.0
31.52,90.0,90.0
31.56,90.0,90.0
31.6,90.0,90.0
31.64,90.0,90.0
31.68,90.0,90.0
31.72,90.0,90.0
31.76,90.0,90.0
31.8,90.0,90.0
31.84,90.0,90.0
31.88,90.0,90.0
31.92,90.0,90.0
31.96,90.0,90.0
32.0,90.0,90.0
32.04,90.0,90.0
32.08,90.0,90.0
32.12,90.0,90.0
32.16,90.0,90.0
32.2,90.0,90.0
32.24,90.0,90.0
32.28,90.0,90.0
32.32,90.0,90.0
32.36,90.0,90.0
32.4,90.0,90.0
32.44,90.0,90.0
32.48,90.0,90.0
32.52,90.0,90.0
32.56,90.0,90.0
32.6,90.0,90.0
32.64,90.0,90.0
32.68,90.0,90.0
32.72,90.0,90.0
32.76,90.0,90.0
32.8,90.0,90.0
32.84,90.0,90.0
32.88,90.0,90.0
32.92,90.0,90.0
32.96,90.0,90.0
33.0,90.0,90.0
33.04,90.0,90.0
33.08,90.0,90.0
33.12,90.0,90.0
33.16,90.0,90.0
33.2,90.0,90.0
33.24,90.0,90.0
33.28,90.0,90.0
33.32,90.0,90.0
33.36,90.0,90.0
33.4,90.0,90.0
33.44,90.0,90.0
33.48,90.0,90.0
33.52,90.0,90.0
33.56,90.0,90.0
33.6,90.0,90.0
33.64,90.0,90.0
33.68,90.0,90.0
33.72,90.0,90.0
33.76,90.0,90.0
33.8,90.0,90.0
33.84,90.0,90.0
33.88,90.0,90.0
33.92,90.0,90.0
33.96,90.0,90.0
34.0,90.0,90.0
34.04,90.0,90.0
34.08,90.0,90.0
34.12,90.0,90.0
34.16,90.0,90.0
34.2,90.0,90.0
34.24,90.0,90.0
34.28,90.0,90.0
34.32,90.0,90.0
34.36,90.0,90.0
34.4,90.0,90.0
34.44,90.0,90.0
34.48,90.0,90.0
34.52,90.0,90.0
34.56,90.0,90.0
34.6,90.0,90.0
34.64,90.0,90.0
34.68,90.0,90.0
34.72,90.0,90.0
34.76,90.0,90.0
34.8,90.0,90.0
34.84,90.0,90.0
34.88,90.0,90.0
34.92,90.0,90.0
34.96,90.0,90.0
35.0,90.0,90.0
35.04,90.0,90.0
35.08,90.0,90.0
35.12,90.0,90.0
35.16,90.0,90.0
35.2,90.0,90.0
35.24,90.0,90.0
35.28,90.0,90.0
35.32,90.0,90.0
35.36,90.0,90.0
35.4,90.0,90.0
35.44,90.0,90.0
35.48,90.0,90.0
35.52,90.0,90.0
35.56,90.0,90.0
35.6,90.0,90.0
35.64,90.0,90.0
35.68,90.0,90.0
35.72,90.0,90.0
35.76,90.0,90.0
35.8,90.0,90.0
35.84,90.0,90.0
35.88,90.0,90.0
35.92,90.0,90.0
35.96,90.0,90.0
36.0,90.0,90.0
36.04,90.0,90.0
36.08,90.0,90.0
36.12,90.0,90.0
36.16,90.0,90.0
36.2,90.0,90.0
36.24,90.0,90.0
36.28,90.0,90.0
36.32,90.0,90.0
36.36,90.0,90.0
36.4,90.0,90.0
36.44,90.0,90.0
36.48,90.0,90.0
36.52,90.0,90.0
36.56,90.0,90.0
36.6,90.0,90.0
36.64,90.0,90.0
36.68,90.0,90.0
36.72,90.0,90.0
36.76,90.0,90.0
36.8,90.0,90.0
36.84,90.0,90.0
36.88,90.0,90.0
36.92,90.0,90.0
36.96,90.0,90.0
37.0,90.0,90.0
37.04,90.0,90.0
37.08,90.0,90.0
37.12,90.0,90.0
37.16,90.0,90.0
37.2,90.0,90.0
37.24,90.0,90.0
37.28,90.0,90.0
37.32,90.0,90.0
37.36,90.0,90.0
37.4,90.0,90.0
37.44,90.0,90.0
37.48,90.0,90.0
37.52,90.0,90.0
37.56,90.0,90.0
37.6,90.0,90.0
37.64,90.0,90.0
37.68,90.0,90.0
37.72,90.0,90.0
37.76,90.0,90.0
37.8,90.0,90.0
37.84,90.0,90.0
37.88,90.0,90.0
37.92,90.0,90.0
37.96,90.0,90.0
38.0,90.0,90.0
38.04,90.0,90.0
38.08,90.0,90.0
38.12,90.0,90.0
38.16,90.0,90.0
38.2,90.0,90.0
38.24,90.0,90.0
38.28,90.0,90.0
38.32,90.0,90.0
38.36,90.0,90.0
38.4,90.0,90.0
38.44,90.0,90.0
38.48,90.0,90.0
38.52,90.0,90.0
38.56,90.0,90.0
38.6,90.0,90.0
38.64,90.0,90.0
38.68,90.0,90.0
38.72,90.0,90.0
38.76,90.0,90.0
38.8,90.0,90.0
38.84,90.0,90.0
38.88,90.0,90.0
38.92,90.0,90.0
38.96,90.0,90.0
39.0,90.0,90.0
39.04,90.0,90.0
39.08,90.0,90.0
39.12,90.0,90.0
39.16,90.0,90.0
39.2,90.0,90.0
39.24,90.0,90.0
39.28,90.0,90.0
39.32,90.0,90.0
39.36,90.0,90.0
39.4,90.0,90.0
39.44,90.0,90.0
39.48,90.0,90.0
39.52,90.0,90.0
39.56,90.0,90.0
39.6,90.0,90.0
39.64,90.0,90.0
39.68,90.0,90.0
39.72,90.0,90.0
39.76,90.0,90.0
39.8,90.0,90.0
39.84,90.0,90.0
39.88,90.0,90.0
39.92,90.0,90.0
39.96,90.0,90.0
40.0,90.0,90.0
40.04,90.0,90.0
40.08,90.0,90.0
40.12,90.0,90.0
40.16,90.0,90.0
40.2,90.0,90.0
40.24,90.0,90.0
40.28,90.0,90.0
40.32,90.0,90.0
40.36,90.0,90.0
40.4,90.0,90.0
40.44,90.0,90.0
40.48,90.0,90.0
40.52,90.0,90.0
40.56,90.0,90.0
40.6,90.0,90.0
40.64,90.0,90.0
40.68,90.0,90.0
40.72,90.0,90.0
40.76,90.0,90.0
40.8,90.0,90.0
40.84,90.0,90.0
40.88,90.0,90.0
40.92,90.0,90.0
40.96,90.0,90.0
41.0,90.0,90.0
41.04,90.0,90.0
41.08,90.0,90.0
41.12,90.0,90.0
41.16,90.0,90.0
41.2,90.0,90.0
41.24,90.0,90.0
41.28,90.0,90.0
41.32,90.0,90.0
41.36,90.0,90.0
41.4,90.0,90.0
41.44,90.0,90.0
41.48,90.0,90.0
41.52,90.0,90.0
41.56,90.0,90.0
41.6,90.0,90.0
41.64,90.0,90.0
41.68,90.0,90.0
41.72,90.0,90.0
41.76,90.0,90.0
41.8,90.0,90.0
41.84,90.0,90.0
41.88,90.0,90.0
41.92,90.0,90.0
41.96,90.0,90.0
42.0,90.0,90.0
42.04,90.0,90.0
42.08,90.0,90.0
42.12,90.0,90.0
42.16,90.0,90.0
42.2,90.0,90.0
42.24,90.0,90.0
42.28,90.0,90.0
42.32,90.0,90.0
42.36,90.0,90.0
42.4,90.0,90.0
42.44,90.0,90.0
42.48,90.0,90.0
42.52,90.0,90.0
42.56,90.0,90.0
42.6,90.0,90.0
42.64,90.0,90.0
42.68,90.0,90.0
42.72,90.0,90.0
42.76,90.0,90.0
42.8,90.0,90.0
42.84,90.0,90.0
42.88,90.0,90.0
42.92,90.0,90.0
42.96,90.0,90.0
43.0,90.0,90.0
43.04,90.0,90.0
43.08,90.0,90.0
43.12,90.0,90.0
43.16,90.0,90.0
43.2,90.0,90.0
43.24,90.0,90.0
43.28,90.0,90.0
43.32,90.0,90.0
43.36,90.0,90.0
43.4,90.0,90.0
43.44,90.0,90.0
43.48,90.0,90.0
43.52,90.0,90.0
43.56,90.0,90.0
43.6,90.0,90.0
43.64,90.0,90.0
43.68,90.0,90.0
43.72,90.0,90.0
43.76,90.0,90.0
43.8,90.0,90.0
43.84,,90.0
43.88,,90.0
43.92,,
43.96,,
44.0,,
44.04,,
44.08,,
44.12,,
44.16,,
44.2,,
44.24,,
44.28,,
44.32,,
44.36,,
44.4,,
44.44,,
44.48,,
44.52,,
44.56,,
44.6,,
44.64,,
44.68,,
44.72,,
44.76,,
44.8,,
44.84,,
44.88,,
44.92,,
44.96,,
45.0,,
45.04,,
45.08,,
45.12,,
45.16,,
45.2,,
45.24,,
45.28,,
45.32,,
45.36,,
45.4,,90.0
45.44,,90.0
45.48,90.0,90.0
45.52,90.0,90.0
45.56,90.0,90.0
45.6,90.0,90.0
45.64,90.0,90.0
45.68,90.0,90.0
45.72,90.0,90.0
45.76,,90.0
45.8,,90.0
45.84,,
45.88,,
45.92,,
45.96,,
46.0,,
46.04,,
46.08,,
46.12,,
46.16,,
46.2,,
46.24,,
46.28,,
46.32,,
46.36,,
46.4,,
46.44,,
46.48,,
46.52,,
46.56,,
46.6,,
46.64,,
46.68,,
46.72,,
46.76,,
46.8,,
46.84,,
46.88,,
46.92,,
46.96,,
47.0,,
47.04,,
47.08,,
47.12,,
47.16,,
47.2,,
47.24,,
47.28,,
47.32,,
47.36,,
47.4,,
47.44,,
47.48,,
47.52,,
47.56,,
47.6,,
47.64,,
47.68,,
47.72,,
47.76,,
47.8,,
47.84,,
47.88,,
47.92,,
47.96,,
48.0,,
48.04,,
48.08,,
48.12,,
48.16,,
48.2,,
48.24,,
48.28,,
48.32,,
48.36,,
48.4,,
48.44,,
48.48,,
48.52,,
48.56,,
48.6,,
48.64,,
48.68,,
48.72,,
48.76,,
48.8,,
48.84,,
48.88,,
48.92,,
48.96,,
49.0,,
49.04,,
49.08,,
49.12,,
49.16,,
49.2,,
49.24,,
49.28,,
49.32,,
49.36,,
49.4,,
49.44,,
49.48,,
49.52,,
49.56,,
49.6,,
49.64,,
49.68,,
49.72,,
49.76,,
49.8,,
49.84,,
49.88,,
49.92,,
49.96,,
50.0,,
50.04,,
50.08,,
50.12,,
50.16,,
50.2,,
50.24,,
50.28,,
50.32,,
50.36,,
50.4,,
50.44,,
50.48,,
50.52,,
50.56,,
50.6,,
50.64,,
50.68,,
50.72,,
50.76,,
50.8,,
50.84,,
50.88,,
50.92,,
50.96,,
51.0,,
51.04,,
51.08,,
51.12,,
51.16,,
51.2,,
51.24,,
51.28,,
51.32,,
51.36,,
51.4,,
51.44,,
51.48,,
51.52,,
51.56,,
51.6,,
51.64,,
51.68,,
51.72,,
51.76,,
51.8,,
51.84,,
51.88,,
51.92,,
51.96,,
52.0,,
52.04,,
52.08,,
52.12,,
52.16,,
52.2,,
52.24,,
52.28,,
52.32,,
52.36,,
52.4,,
52.44,,
52.48,,
52.52,,
52.56,,
52.6,,
52.64,,
52.68,,
52.72,,
52.76,,
52.8,,
52.84,,
52.88,,
52.92,,
52.96,,
53.0,,
53.04,,
53.08,,
53.12,,
53.16,,
53.2,,
53.24,,
53.28,,
53.32,,
53.36,,
53.4,,
53.44,,
53.48,,
53.52,,
53.56,,
53.6,,
53.64,,
53.68,,
53.72,,
53.76,,
53.8,,
53.84,,
53.88,,
53.92,,
53.96,,
54.0,,
54.04,,
54.08,,
54.12,,
54.16,,
54.2,,
54.24,,
54.28,,
54.32,,
54.36,,
54.4,,
54.44,,
54.48,,
54.52,,
54.56,,
54.6,,
54.64,,
54.68,,
54.72,,
54.76,,
54.8,,
54.84,,
54.88,,
54.92,,
54.96,,
55.0,,
55.04,,
55.08,,
55.12,,
55.16,,
55.2,,
55.24,,
55.28,,
55.32,,
55.36,,
55.4,,
55.44,,
55.48,,
55.52,,
55.56,,
55.6,,
55.64,,
55.68,,
55.72,,
55.76,,
55.8,,
55.84,,
55.88,,
55.92,,
55.96,,
56.0,,
56.04,,
56.08,,
56.12,,
56.16,,
56.2,,
56.24,,
56.28,,
56.32,,
56.36,,
56.4,,
56.44,,
56.48,,
56.52,,
56.56,,
56.6,,
56.64,,
56.68,,
56.72,,
56.76,,
56.8,,
56.84,,
56.88,,
56.92,,
56.96,,
57.0,,
57.04,,
57.08,,
57.12,,
57.16,,
57.2,,
57.24,,
57.28,,
57.32,,
57.36,,
57.4,,
57.44,,
57.48,,
57.52,,
57.56,,
57.6,,
57.64,,
57.68,,
57.72,,
57.76,,
57.8,,
57.84,,
57.88,,
57.92,,
57.96,,
58.0,,
58.04,,
58.08,,
58.12,,
58.16,,
58.2,,
58.24,,
58.28,,
58.32,,
58.36,,
58.4,,
58.44,,
58.48,,
58.52,,
58.56,,
58.6,,
58.64,,
58.68,,
58.72,,
58.76,,
58.8,,
58.84,,
58.88,,
58.92,,
58.96,,
59.0,,
59.04,,
59.08,,
59.12,,
59.16,,
59.2,,
59.24,,
59.28,,
59.32,,
59.36,,
59.4,,
59.44,,
59.48,,
59.52,,
59.56,,
59.6,,
59.64,,
59.68,,
59.72,,
59.76,,
59.8,,
59.84,,
59.88,,
59.92,,
59.96,,
60.0,,
60.04,,
60.08,,
60.12,,
60.16,,
60.2,,
60.24,,
60.28,,
60.32,,
60.36,,
60.4,,
60.44,,
60.48,,
60.52,,
60.56,,
60.6,,
60.64,,
60.68,,
60.72,,
60.76,,
60.8,,
60.84,,
60.88,,
60.92,,
60.96,,
61.0,,
61.04,,
61.08,,
61.12,,
61.16,,
61.2,,
61.24,,
61.28,,
61.32,,
61.36,,
61.4,,
61.44,,
61.48,,
61.52,,
61.56,,
61.6,,
61.64,,
61.68,,
61.72,,
61.76,,
61.8,,
61.84,,
61.88,,
61.92,,
61.96,,
62.0,,
62.04,,
62.08,,
62.12,,
62.16,,
62.2,,
62.24,,
62.28,,
62.32,,
62.36,,
62.4,,
62.44,,
62.48,,
62.52,,
62.56,,
62.6,,
62.64,,
62.68,,
62.72,,
62.76,,
62.8,,
62.84,,
62.88,,
62.92,,
62.96,,
63.0,,
63.04,,
63.08,,
63.12,,
63.16,,
63.2,,
63.24,,
63.28,,
63.32,,
63.36,,
63.4,,
63.44,,
63.48,,
63.52,,
63.56,,
63.6,,
63.64,,
63.68,,
63.72,,
63.76,,
63.8,,
63.84,,
63.88,,
63.92,,
63.96,,
64.0,,
64.04,,
64.08,,
64.12,,
64.16,,
64.2,,
64.24,,
64.28,,
64.32,,
64.36,,
64.4,,
64.44,,
64.48,,
64.52,,
64.56,,
64.6,,
64.64,,
64.68,,
64.72,,
64.76,,
64.8,,
64.84,,
64.88,,
64.92,,
64.96,,
65.0,,
65.04,,
65.08,,
65.12,,
65.16,,
65.2,,
65.24,,
65.28,,
65.32,,
65.36,,
65.4,,
65.44,,
65.48,,
65.52,,
65.56,,
65.6,,
65.64,,
65.68,,
65.72,,
65.76,,
65.8,,
65.84,,
65.88,,
65.92,,
65.96,,
66.0,,
66.04,,
66.08,,
66.12,,
66.16,,
66.2,,
66.24,,
66.28,,
66.32,,
66.36,,
66.4,,
66.44,,
66.48,,
66.52,,
66.56,,
66.6,,
66.64,,
66.68,,
66.72,,
66.76,,
66.8,,
66.84,,
66.88,,
66.92,,
66.96,,
67.0,,
67.04,,
67.08,,
67.12,,
67.16,,
67.2,,
67.24,,
67.28,,
67.32,,
67.36,,
67.4,,
67.44,,
67.48,,
67.52,,
67.56,,
67.6,,
67.64,,
67.68,,
67.72,,
67.76,,
67.8,,
67.84,,
67.88,,
67.92,,
67.96,,
68.0,,
68.04,,
68.08,,
68.12,,
68.16,,
68.2,,
68.24,,
68.28,,
68.32,,
68.36,,
68.4,,
68.44,,
68.48,,
68.52,,
68.56,,
68.6,,
68.64,,
68.68,,
68.72,,
68.76,,
68.8,,
68.84,,
68.88,,
68.92,,
68.96,,
69.0,,
69.04,,
69.08,,
69.12,,
69.16,,
69.2,,
69.24,,
69.28,,
69.32,,
69.36,,
69.4,,
69.44,,
69.48,,
69.52,,
69.56,,
69.6,,
69.64,,
69.68,,
69.72,,
69.76,,
69.8,,
69.84,,
69.88,,
69.92,,
69.96,,
70.0,,
70.04,,
70.08,,
70.12,,
70.16,,
70.2,,
70.24,,
70.28,,
70.32,,
70.36,,
70.4,,
70.44,,
70.48,,
70.52,,
70.56,,
70.6,,
70.64,,
70.68,,
70.72,,
70.76,,
70.8,,
70.84,,
70.88,,
70.92,,
70.96,,
71.0,,
71.04,,
71.08,,
71.12,,
71.16,,
71.2,,
71.24,,
71.28,,
71.32,,
71.36,,
71.4,,
71.44,,
71.48,,
71.52,,
71.56,,
71.6,,
71.64,,
71.68,,
71.72,,
71.76,,
71.8,,
71.84,,
71.88,,
71.92,,
71.96,,
72.0,,
72.04,,
72.08,,
72.12,,
72.16,,
72.2,,
72.24,,
72.28,,
72.32,,
72.36,,
72.4,,
72.44,,
72.48,,
72.52,,
72.56,,
72.6,,
72.64,,
72.68,,
72.72,,
72.76,,
72.8,,
72.84,,
72.88,,
72.92,,
72.96,,
73.0,,
73.04,,
73.08,,
73.12,,
73.16,,
73.2,,
73.24,,
73.28,,
73.32,,
73.36,,
73.4,,
73.44,,
73.48,,
73.52,,
73.56,,
73.6,,
73.64,,
73.68,,
73.72,,
73.76,,
73.8,,
73.84,,
73.88,,
73.92,,
73.96,,
74.0,,
74.04,,
74.08,,
74.12,,
74.16,,
74.2,,
74.24,,
74.28,,
74.32,,
74.36,,
74.4,,
74.44,,
74.48,,
74.52,,
74.56,,
74.6,,
74.64,,
74.68,,
74.72,,
74.76,,
74.8,,
74.84,,
74.88,,
74.92,,
74.96,,
75.0,,
75.04,,
75.08,,
75.12,,
75.16,,
75.2,,
75.24,,
75.28,,
75.32,,
75.36,,
75.4,,
75.44,,
75.48,,
75.52,,
75.56,,
75.6,,
75.64,,
75.68,,
75.72,,
75.76,,
75.8,,
75.84,,
75.88,,
75.92,,
75.96,,
76.0,,
76.04,,
76.08,,
76.12,,
76.16,,
76.2,,
76.24,,
76.28,,
76.32,,
76.36,,
76.4,,
76.44,,
76.48,,
76.52,,
76.56,,
76.6,,
76.64,,
76.68,,
76.72,,
76.76,,
76.8,,
76.84,,
76.88,,
76.92,,
76.96,,
77.0,,
77.04,,
77.08,,
77.12,,
77.16,,
77.2,,
77.24,,
77.28,,
77.32,,
77.36,,
77.4,,
77.44,,
77.48,,
77.52,,
77.56,,
77.6,,
77.64,,
77.68,,
77.72,,
77.76,,
77.8,,
77.84,,
77.88,,
77.92,,
77.96,,
78.0,,
78.04,,
78.08,,
78.12,,
78.16,,
78.2,,
78.24,,
78.28,,
78.32,,
78.36,,
78.4,,
78.44,,
78.48,,
78.52,,
78.56,,
78.6,,
78.64,,
78.68,,
78.72,,
78.76,,
78.8,,
78.84,,
78.88,,
78.92,,
78.96,,
79.0,,
79.04,,
79.08,,
79.12,,
79.16,,
79.2,,
79.24,,
79.28,,
79.32,,
79.36,,
79.4,,
79.44,,
79.48,,
79.52,,
79.56,,
79.6,,
79.64,,
79.68,,
79.72,,
79.76,,
79.8,,
79.84,,
79.88,,
79.92,,
79.96,,
80.0,,
80.04,,
80.08,,
80.12,,
80.16,,
80.2,,
80.24,,
80.28,,
80.32,,
80.36,,
80.4,,
80.44,,
80.48,,
80.52,,
80.56,,
80.6,,
80.64,,
80.68,,
80.72,,
80.76,,
80.8,,
80.84,,
80.88,,
80.92,,
80.96,,
81.0,,
81.04,,
81.08,,
81.12,,
81.16,,
81.2,,
81.24,,
81.28,,
81.32,,
81.36,,
81.4,,
81.44,,
81.48,,
81.52,,
81.56,,
81.6,,
81.64,,
81.68,,
81.72,,
81.76,,
81.8,,
81.84,,
81.88,,
81.92,,
81.96,,
82.0,,
82.04,,
82.08,,
82.12,,
82.16,,
82.2,,
82.24,,
82.28,,
82.32,,
82.36,,
82.4,,
82.44,,
82.48,,
82.52,,
82.56,,
82.6,,
82.64,,
82.68,,
82.72,,
82.76,,
82.8,,
82.84,,
82.88,,
82.92,,
82.96,,
83.0,,
83.04,,
83.08,,
83.12,,
83.16,,
83.2,,
83.24,,
83.28,,
83.32,,
83.36,,
83.4,,
83.44,,
83.48,,
83.52,,
83.56,,
83.6,,
83.64,,
83.68,,
83.72,,
83.76,,
83.8,,
83.84,,
83.88,,
83.92,,
83.96,,
84.0,,
84.04,,
84.08,,
84.12,,
84.16,,
84.2,,
84.24,,
84.28,,
84.32,,
84.36,,
84.4,,
84.44,,
84.48,,
84.52,,
84.56,,
84.6,,
84.64,,
84.68,,
84.72,,
84.76,,
84.8,,
84.84,,
84.88,,
84.92,,
84.96,,
85.0,,
85.04,,
85.08,,
85.12,,
85.16,,
85.2,,
85.24,,
85.28,,
85.32,,
85.36,,
85.4,,
85.44,,
85.48,,
85.52,,
85.56,,
85.6,,
85.64,,
85.68,,
85.72,,
85.76,,
85.8,,
85.84,,
85.88,,
85.92,,
85.96,,
86.0,,
86.04,,
86.08,,
86.12,,
86.16,,
86.2,,
86.24,,
86.28,,
86.32,,
86.36,,
86.4,,
86.44,,
86.48,,
86.52,,
86.56,,
86.6,,
86.64,,
86.68,,
86.72,,
86.76,,
86.8,,
86.84,,
86.88,,
86.92,,
86.96,,
87.0,,
87.04,,
87.08,,
87.12,,
87.16,,
87.2,,
87.24,,
87.28,,
87.32,,
87.36,,
87.4,,
87.44,,
87.48,,
87.52,,
87.56,,
87.6,,
87.64,,
87.68,,
87.72,,
87.76,,
87.8,,
87.84,,
87.88,,
87.92,,
87.96,,
88.0,,
88.04,,
88.08,,
88.12,,
88.16,,
88.2,,
88.24,,
88.28,,
88.32,,
88.36,,
88.4,,
88.44,,
88.48,,
88.52,,
88.56,,
88.6,,
88.64,,
88.68,,
88.72,,
88.76,,
88.8,,
88.84,,
88.88,,
88.92,,
88.96,,
89.0,,
89.04,,
89.08,,
89.12,,
89.16,,
89.2,,
89.24,,
89.28,,
89.32,,
89.36,,
89.4,,
89.44,,
89.48,,
89.52,,
89.56,,
89.6,,
89.64,,
89.68,,
89.72,,
89.76,,
89.8,,
89.84,,
89.88,,
89.92,,
89.96,,
90.0,,
90.04,,
90.08,,
90.12,,
90.16,,
90.2,,
90.24,,
90.28,,
90.32,,
90.36,,
90.4,,
90.44,,
90.48,,
90.52,,
90.56,,
90.6,,
90.64,,
90.68,,
90.72,,
90.76,,
90.8,,
90.84,,
90.88,,
90.92,,
90.96,,
91.0,,
91.04,,
91.08,,
91.12,,
91.16,,
91.2,,
91.24,,
91.28,,
91.32,,
91.36,,
91.4,,
91.44,,
91.48,,
91.52,,
91.56,,
91.6,,
91.64,,
91.68,,
91.72,,
91.76,,
91.8,,
91.84,,
91.88,,
91.92,,
91.96,,
92.0,,
92.04,,
92.08,,
92.12,,
92.16,,
92.2,,
92.24,,
92.28,,
92.32,,
92.36,,
92.4,,
92.44,,
92.48,,
92.52,,
92.56,,
92.6,,
92.64,,
92.68,,
92.72,,
92.76,,
92.8,,
92.84,,
92.88,,
92.92,,
92.96,,
93.0,,
93.04,,
93.08,,
93.12,,
93.16,,
93.2,,
93.24,,
93.28,,
93.32,,
93.36,,
93.4,,
93.44,,
93.48,,
93.52,,
93.56,,
93.6,,
93.64,,
93.68,,
93.72,,
93.76,,
93.8,,
93.84,,
93.88,,
93.92,,
93.96,,
94.0,,
94.04,,
94.08,,
94.12,,
94.16,,
94.2,,
94.24,,
94.28,,
94.32,,
94.36,,
94.4,,
94.44,,
94.48,,
94.52,,
94.56,,
94.6,,
94.64,,
94.68,,
94.72,,
94.76,,
94.8,,
94.84,,
94.88,,
94.92,,
94.96,,
95.0,,
95.04,,
95.08,,
95.12,,
95.16,,
95.2,,
95.24,,
95.28,,
95.32,,
95.36,,
95.4,,
95.44,,
95.48,,
95.52,,
95.56,,
95.6,,
95.64,,
95.68,,
95.72,,
95.76,,
95.8,,
95.84,,
95.88,,
95.92,,
95.96,,
96.0,,
96.04,,
96.08,,
96.12,,
96.16,,
96.2,,
96.24,,
96.28,,
96.32,,
96.36,,
96.4,,
96.44,,
96.48,,
96.52,,
96.56,,
96.6,,
96.64,,
96.68,,
96.72,,
96.76,,
96.8,,
96.84,,
96.88,,
96.92,,
96.96,,
97.0,,
97.04,,
97.08,,
97.12,,
97.16,,
97.2,,
97.24,,
97.28,,
97.32,,
97.36,,
97.4,,
97.44,,
97.48,,
97.52,,
97.56,,
97.6,,
97.64,,
97.68,,
97.72,,
97.76,,
97.8,,
97.84,,
97.88,,
97.92,,
97.96,,
98.0,,
98.04,,
98.08,,
98.12,,
98.16,,
98.2,,
98.24,,
98.28,,
98.32,,
98.36,,
98.4,,
98.44,,
98.48,,
98.52,,
98.56,,
98.6,,
98.64,,
98.68,,
98.72,,
98.76,,
98.8,,
98.84,,
98.88,,
98.92,,
98.96,,
99.0,,
99.04,,
99.08,,
99.12,,
99.16,,
99.2,,
99.24,,
99.28,,
99.32,,
99.36,,
99.4,,
99.44,,
99.48,,
99.52,,
99.56,,
99.6,,
99.64,,
99.68,,
99.72,,
99.76,,
99.8,,
99.84,,
99.88,,
99.92,,
99.96,,
100.0,,
100.04,,
100.08,,
100.12,,
100.16,,
100.2,,
100.24,,
100.28,,
100.32,,
100.36,,
100.4,,
100.44,,
100.48,,
100.52,,
100.56,,
100.6,,
100.64,,
100.68,,
100.72,,
100.76,,
100.8,,
100.84,,
100.88,,
100.92,,
100.96,,
101.0,,
101.04,,
101.08,,
101.12,,
101.16,,
101.2,,
101.24,,
101.28,,
101.32,,
101.36,,
101.4,,
101.44,,
101.48,,
101.52,,
101.56,,
101.6,,
101.64,,
101.68,,
101.72,,
101.76,,
101.8,,
101.84,,
101.88,,
101.92,,
101.96,,
102.0,,
102.04,,
102.08,,
102.12,,
102.16,,
102.2,,
102.24,,
102.28,,
102.32,,
102.36,,
102.4,,
102.44,,
102.48,,
102.52,,
102.56,,
102.6,,
102.64,,
102.68,,
102.72,,
102.76,,
102.8,,
102.84,,
102.88,,
102.92,,
102.96,,
103.0,,
103.04,,
103.08,,
103.12,,
103.16,,
103.2,,
103.24,,
103.28,,
103.32,,
103.36,,
103.4,,
103.44,,
103.48,,
103.52,,
103.56,,
103.6,,
103.64,,
103.68,,
103.72,,
103.76,,
103.8,,
103.84,,
103.88,,
103.92,,
103.96,,
104.0,,
104.04,,
104.08,,
104.12,,
104.16,,
104.2,,
104.24,,
104.28,,
104.32,,
104.36,,
104.4,,
104.44,,
104.48,,
104.52,,
104.56,,
104.6,,
104.64,,
104.68,,
104.72,,
104.76,,
104.8,,
104.84,,
104.88,,
104.92,,
104.96,,
105.0,,
105.04,,
105.08,,
105.12,,
105.16,,
105.2,,
105.24,,
105.28,,
105.32,,
105.36,,
105.4,,
105.44,,
105.48,,
105.52,,
105.56,,
105.6,,
105.64,,
105.68,,
105.72,,
105.76,,
105.8,,
105.84,,
105.88,,
105.92,,
105.96,,
106.0,,
106.04,,
106.08,,
106.12,,
106.16,,
106.2,,
106.24,,
106.28,,
106.32,,
106.36,,
106.4,,
106.44,,
106.48,,
106.52,,
106.56,,
106.6,,
106.64,,
106.68,,
106.72,,
106.76,,
106.8,,
106.84,,
106.88,,
106.92,,
106.96,,
107.0,,
107.04,,
107.08,,
107.12,,
107.16,,
107.2,,
107.24,,
107.28,,
107.32,,
107.36,,
107.4,,
107.44,,
107.48,,
107.52,,
107.56,,
107.6,,
107.64,,
107.68,,
107.72,,
107.76,,
107.8,,
107.84,,
107.88,,
107.92,,
107.96,,
108.0,,
108.04,,
108.08,,
108.12,,
108.16,,
108.2,,
108.24,,
108.28,,
108.32,,
108.36,,
108.4,,
108.44,,
108.48,,
108.52,,
108.56,,
108.6,,
108.64,,
108.68,,
108.72,,
108.76,,
108.8,,
108.84,,
108.88,,
108.92,,
108.96,,
109.0,,
109.04,,
109.08,,
109.12,,
109.16,,
109.2,,
109.24,,
109.28,,
109.32,,
109.36,,
109.4,,
109.44,,
109.48,,
109.52,,
109.56,,
109.6,,
109.64,,
109.68,,
109.72,,
109.76,,
109.8,,
109.84,,
109.88,,
109.92,,
109.96,,
110.0,,
110.04,,
110.08,,
110.12,,
110.16,,
110.2,,
110.24,,
110.28,,
110.32,,
110.36,,
110.4,,
110.44,,
110.48,,
110.52,,
110.56,,
110.6,,
110.64,,
110.68,,
110.72,,
110.76,,
110.8,,
110.84,,
110.88,,
110.92,,
110.96,,
111.0,,
111.04,,
111.08,,
111.12,,
111.16,,
111.2,,
111.24,,
111.28,,
111.32,,
111.36,,
111.4,,
111.44,,
111.48,,
111.52,,
111.56,,
111.6,,
111.64,,
111.68,,
111.72,,
111.76,,
111.8,,
111.84,,
111.88,,
111.92,,
111.96,,
112.0,,
112.04,,
112.08,,
112.12,,
112.16,,
112.2,,
112.24,,
112.28,,
112.32,,
112.36,,
112.4,,
112.44,,
112.48,,
112.52,,
112.56,,
112.6,,
112.64,,
112.68,,
112.72,,
112.76,,
112.8,,
112.84,,
112.88,,
112.92,,
112.96,,
113.0,,
113.04,,
113.08,,
113.12,,
113.16,,
113.2,,
113.24,,
113.28,,
113.32,,
113.36,,
113.4,,
113.44,,
113.48,,
113.52,,
113.56,,
113.6,,
113.64,,
113.68,,
113.72,,
113.76,,
113.8,,
113.84,,
113.88,,
113.92,,
113.96,,
114.0,,
114.04,,
114.08,,
114.12,,
114.16,,
114.2,,
114.24,,
114.28,,
114.32,,
114.36,,
114.4,,
114.44,,
114.48,,
114.52,,
114.56,,
114.6,,
114.64,,
114.68,,
114.72,,
114.76,,
114.8,,
114.84,,
114.88,,
114.92,,
114.96,,
115.0,,
115.04,,
115.08,,
115.12,,
115.16,,
115.2,,
115.24,,
115.28,,
115.32,,
115.36,,
115.4,,
115.44,,
115.48,,
115.52,,
115.56,,
115.6,,
115.64,,
115.68,,
115.72,,
115.76,,
115.8,,
115.84,,
115.88,,
115.92,,
115.96,,
116.0,,
116.04,,
116.08,,
116.12,,
116.16,,
116.2,,
116.24,,
116.28,,
116.32,,
116.36,,
116.4,,
116.44,,
116.48,,
116.52,,
116.56,,
116.6,,
116.64,,
116.68,,
116.72,,
116.76,,
116.8,,
116.84,,
116.88,,
116.92,,
116.96,,
117.0,,
117.04,,
117.08,,
117.12,,
117.16,,
117.2,,
117.24,,
117.28,,
117.32,,
117.36,,
117.4,,
117.44,,
117.48,,
117.52,,
117.56,,
117.6,,
117.64,,
117.68,,
117.72,,
117.76,,
117.8,,
117.84,,
117.88,,
117.92,,
117.96,,
118.0,,
118.04,,
118.08,,
118.12,,
118.16,,
118.2,,
118.24,,
118.28,,
118.32,,
118.36,,
118.4,,
118.44,,
118.48,,
118.52,,
118.56,,
118.6,,
118.64,,
118.68,,
118.72,,
118.76,,
118.8,,
118.84,,
118.88,,
118.92,,
118.96,,
119.0,,
119.04,,
119.08,,
119.12,,
119.16,,
119.2,,
119.24,,
119.28,,
119.32,,
119.36,,
119.4,,
119.44,,
119.48,,
119.52,,
119.56,,
119.6,,
119.64,,
119.68,,
119.72,,
119.76,,
119.8,,
119.84,,
119.88,,
119.92,,
119.96,,
120.0,,
120.04,,
120.08,,
120.12,,
120.16,,
120.2,,
120.24,,
120.28,,
120.32,,
120.36,,
120.4,,
120.44,,
120.48,,
120.52,,
120.56,,
120.6,,
120.64,,
120.68,,
120.72,,
120.76,,
120.8,,
120.84,,
120.88,,
120.92,,
120.96,,
121.0,,
121.04,,
121.08,,
121.12,,
121.16,,
121.2,,
121.24,,
121.28,,
121.32,,
121.36,,
121.4,,
121.44,,
121.48,,
121.52,,
121.56,,
121.6,,
121.64,,
121.68,,
121.72,,
121.76,,
121.8,,
121.84,,
121.88,,
121.92,,
121.96,,
122.0,,
122.04,,
122.08,,
122.12,,
122.16,,
122.2,,
122.24,,
122.28,,
122.32,,
122.36,,
122.4,,
122.44,,
122.48,,
122.52,,
122.56,,
122.6,,
122.64,,
122.68,,
122.72,,
122.76,,
122.8,,
122.84,,
122.88,,
122.92,,
122.96,,
123.0,,
123.04,,
123.08,,
123.12,,
123.16,,
123.2,,
123.24,,
123.28,,
123.32,,
123.36,,
123.4,,
123.44,,
123.48,,
123.52,,
123.56,,
123.6,,
123.64,,
123.68,,
123.72,,
123.76,,
123.8,,
123.84,,
123.88,,
123.92,,
123.96,,
124.0,,
124.04,,
124.08,,
124.12,,
124.16,,
124.2,,
124.24,,
124.28,,
124.32,,
124.36,,
124.4,,
124.44,,
124.48,,
124.52,,
124.56,,
124.6,,
124.64,,
124.68,,
124.72,,
124.76,,
124.8,,
124.84,,
124.88,,
124.92,,
124.96,,
125.0,,
125.04,,
125.08,,
125.12,,
125.16,,
125.2,,
125.24,,
125.28,,
125.32,,
125.36,,
125.4,,
125.44,,
125.48,,
125.52,,
125.56,,
125.6,,
125.64,,
125.68,,
125.72,,
125.76,,
125.8,,
125.84,,
125.88,,
125.92,,
125.96,,
126.0,,
126.04,,
126.08,,
126.12,,
126.16,,
126.2,,
126.24,,
126.28,,
126.32,,
126.36,,
126.4,,
126.44,,
126.48,,
126.52,,
126.56,,
126.6,,
126.64,,
126.68,,
126.72,,
126.76,,
126.8,,
126.84,,
126.88,,
126.92,,
126.96,,
127.0,,
127.04,,
127.08,,
127.12,,
127.16,,
127.2,,
127.24,,
127.28,,
127.32,,
127.36,,
127.4,,
127.44,,
127.48,,
127.52,,
127.56,,
127.6,,
127.64,,
127.68,,
127.72,,
127.76,,
127.8,,
127.84,,
127.88,,
127.92,,
127.96,,
128.0,,
128.04,,
128.08,,
128.12,,
128.16,,
128.2,,
128.24,,
128.28,,
128.32,,
128.36,,
128.4,,
128.44,,
128.48,,
128.52,,
128.56,,
128.6,,
128.64,,
128.68,,
128.72,,
128.76,,
128.8,,
128.84,,
128.88,,
128.92,,
128.96,,
129.0,,
129.04,,
129.08,,
129.12,,
129.16,,
129.2,,
129.24,,
129.28,,
129.32,,
129.36,,
129.4,,
129.44,,
129.48,,
129.52,,
129.56,,
129.6,,
129.64,,
129.68,,
129.72,,
129.76,,
129.8,,
129.84,,
129.88,,
129.92,,
129.96,,
130.0,,
130.04,,
130.08,,
130.12,,
130.16,,
130.2,,
130.24,,
130.28,,
130.32,,
130.36,,
130.4,,
130.44,,
130.48,,
130.52,,
130.56,,
130.6,,
130.64,,
130.68,,
130.72,,
130.76,,
130.8,,
130.84,,
130.88,,
130.92,,
130.96,,
131.0,,
131.04,,
131.08,,
131.12,,
131.16,,
131.2,,
131.24,,
131.28,,
131.32,,
131.36,,
131.4,,
131.44,,
131.48,,
131.52,,
131.56,,
131.6,,
131.64,,
131.68,,
131.72,,
131.76,,
131.8,,
131.84,,
131.88,,
131.92,,
131.96,,
132.0,,
132.04,,
132.08,,
132.12,,
132.16,,
132.2,,
132.24,,
132.28,,
132.32,,
132.36,,
132.4,,
132.44,,
132.48,,
132.52,,
132.56,,
132.6,,
132.64,,
132.68,,
132.72,,
132.76,,
132.8,,
132.84,,
132.88,,
132.92,,
132.96,,
133.0,,
133.04,,
133.08,,
133.12,,
133.16,,
133.2,,
133.24,,
133.28,,
133.32,,
133.36,,
133.4,,
133.44,,
133.48,,
133.52,,
133.56,,
133.6,,
133.64,,
133.68,,
133.72,,
133.76,,
133.8,,
133.84,,
133.88,,
133.92,,
133.96,,
134.0,,
134.04,,
134.08,,
134.12,,
134.16,,
134.2,,
134.24,,
134.28,,
134.32,,
134.36,,
134.4,,
134.44,,
134.48,,
134.52,,
134.56,,
134.6,,
134.64,,
134.68,,
134.72,,
134.76,,
134.8,,
134.84,,
134.88,,
134.92,,
134.96,,
135.0,,
135.04,,
135.08,,
135.12,,
135.16,,
135.2,,
135.24,,
135.28,,
135.32,,
135.36,,
135.4,,
135.44,,
135.48,,
135.52,,
135.56,,
135.6,,
135.64,,
135.68,,
135.72,,
135.76,,
135.8,,
135.84,,
135.88,,
135.92,,
135.96,,
136.0,,
136.04,,
136.08,,
136.12,,
136.16,,
136.2,,
136.24,,
136.28,,
136.32,,
136.36,,
136.4,,
136.44,,
136.48,,
136.52,,
136.56,,
136.6,,
136.64,,
136.68,,
136.72,,
136.76,,
136.8,,
136.84,,
136.88,,
136.92,,
136.96,,
137.0,,
137.04,,
137.08,,
137.12,,
137.16,,
137.2,,
137.24,,
137.28,,
137.32,,
137.36,,
137.4,,
137.44,,
137.48,,
137.52,,
137.56,,
137.6,,
137.64,,
137.68,,
137.72,,
137.76,,
137.8,,
137.84,,
137.88,,
137.92,,
137.96,,
138.0,,
138.04,,
138.08,,
138.12,,
138.16,,
138.2,,
138.24,,
138.28,,
138.32,,
138.36,,
138.4,,
138.44,,
138.48,,
138.52,,
138.56,,
138.6,,
138.64,,
138.68,,
138.72,,
138.76,,
138.8,,
138.84,,
138.88,,
138.92,,
138.96,,
139.0,,
139.04,,
139.08,,
139.12,,
139.16,,
139.2,,
139.24,,
139.28,,
139.32,,
139.36,,
139.4,,
139.44,,
139.48,,
139.52,,
139.56,,
139.6,,
139.64,,
139.68,,
139.72,,
139.76,,
139.8,,
139.84,,
139.88,,
139.92,,
139.96,,
140.0,,
140.04,,
140.08,,
140.12,,
140.16,,
140.2,,
140.24,,
140.28,,
140.32,,
140.36,,
140.4,,
140.44,,
140.48,,
140.52,,
140.56,,
140.6,,
140.64,,
140.68,,
140.72,,
140.76,,
140.8,,
140.84,,
140.88,,
140.92,,
140.96,,
141.0,,
141.04,,
141.08,,
141.12,,
141.16,,
141.2,,
141.24,,
141.28,,
141.32,,
141.36,,
141.4,,
141.44,,
141.48,,
141.52,,
141.56,,
141.6,,
141.64,,
141.68,,
141.72,,
141.76,,
141.8,,
141.84,,
141.88,,
141.92,,
141.96,,
142.0,,
142.04,,
142.08,,
142.12,,
142.16,,
142.2,,
142.24,,
142.28,,
142.32,,
142.36,,
142.4,,
142.44,,
142.48,,
142.52,,
142.56,,
142.6,,
142.64,,
142.68,,
142.72,,
142.76,,
142.8,,
142.84,,
142.88,,
142.92,,
142.96,,
143.0,,
143.04,,
143.08,,
143.12,,
143.16,,
143.2,,
143.24,,
143.28,,
143.32,,
143.36,,
143.4,,
143.44,,
143.48,,
143.52,,
143.56,,
143.6,,
143.64,,
143.68,,
143.72,,
143.76,,
143.8,,
143.84,,
143.88,,
143.92,,
143.96,,
144.0,,
144.04,,
144.08,,
144.12,,
144.16,,
144.2,,
144.24,,
144.28,,
144.32,,
144.36,,
144.4,,
144.44,,
144.48,,
144.52,,
144.56,,
144.6,,
144.64,,
144.68,,
144.72,,
144.76,,
144.8,,
144.84,,
144.88,,
144.92,,
144.96,,
145.0,,
145.04,,
145.08,,
145.12,,
145.16,,
145.2,,
145.24,,
145.28,,
145.32,,
145.36,,
145.4,,
145.44,,
145.48,,
145.52,,
145.56,,
145.6,,
145.64,,
145.68,,
145.72,,
145.76,,
145.8,,
145.84,,
145.88,,
145.92,,
145.96,,
146.0,,
146.04,,
146.08,,
146.12,,
146.16,,
146.2,,
146.24,,
146.28,,
146.32,,
146.36,,
146.4,,
146.44,,
146.48,,
146.52,,
146.56,,
146.6,,
146.64,,
146.68,,
146.72,,
146.76,,
146.8,,
146.84,,
146.88,,
146.92,,
146.96,,
147.0,,
147.04,,
147.08,,
147.12,,
147.16,,
147.2,,
147.24,,
147.28,,
147.32,,
147.36,,
147.4,,
147.44,,
147.48,,
147.52,,
147.56,,
147.6,,
147.64,,
147.68,,
147.72,,
147.76,,
147.8,,
147.84,,
147.88,,
147.92,,
147.96,,
148.0,,
148.04,,
148.08,,
148.12,,
148.16,,
148.2,,
148.24,,
148.28,,
148.32,,
148.36,,
148.4,,
148.44,,
148.48,,
148.52,,
148.56,,
148.6,,
148.64,,
148.68,,
148.72,,
148.76,,
148.8,,
148.84,,
148.88,,
148.92,,
148.96,,
149.0,,
149.04,,
149.08,,
149.12,,
149.16,,
149.2,,
149.24,,
149.28,,
149.32,,
149.36,,
149.4,,
149.44,,
149.48,,
149.52,,
149.56,,
149.6,,
149.64,,
149.68,,
149.72,,
149.76,,
149.8,,
149.84,,
149.88,,
149.92,,
149.96,,
150.0,,
150.04,,
150.08,,
150.12,,
150.16,,
150.2,,
150.24,,
150.28,,
150.32,,
150.36,,
150.4,,
150.44,,
150.48,,
150.52,,
150.56,,
150.6,,
150.64,,
150.68,,
150.72,,
150.76,,
150.8,,
150.84,,
150.88,,
150.92,,
150.96,,
151.0,,
151.04,,
151.08,,
151.12,,
151.16,,
151.2,,
151.24,,
151.28,,
151.32,,
151.36,,
151.4,,
151.44,,
151.48,,
151.52,,
151.56,,
151.6,,
151.64,,
151.68,,
151.72,,
151.76,,
151.8,,
151.84,,
151.88,,
151.92,,
151.96,,
152.0,,
152.04,,
152.08,,
152.12,,
152.16,,
152.2,,
152.24,,
152.28,,
152.32,,
152.36,,
152.4,,
152.44,,
152.48,,
152.52,,
152.56,,
152.6,,
152.64,,
152.68,,
152.72,,
152.76,,
152.8,,
152.84,,
152.88,,
152.92,,
152.96,,
153.0,,
153.04,,
153.08,,
153.12,,
153.16,,
153.2,,
153.24,,
153.28,,
153.32,,
153.36,,
153.4,,
153.44,,
153.48,,
153.52,,
153.56,,
153.6,,
153.64,,
153.68,,
153.72,,
153.76,,
153.8,,
153.84,,
153.88,,
153.92,,
153.96,,
154.0,,
154.04,,
154.08,,
154.12,,
154.16,,
154.2,,
154.24,,
154.28,,
154.32,,
154.36,,
154.4,,
154.44,,
154.48,,
154.52,,
154.56,,
154.6,,
154.64,,
154.68,,
154.72,,
154.76,,
154.8,,
154.84,,
154.88,,
154.92,,
154.96,,
155.0,,
155.04,,
155.08,,
155.12,,
155.16,,
155.2,,
155.24,,
155.28,,
155.32,,
155.36,,
155.4,,
155.44,,
155.48,,
155.52,,
155.56,,
155.6,,
155.64,,
155.68,,
155.72,,
155.76,,
155.8,,
155.84,,
155.88,,
155.92,,
155.96,,
156.0,,
156.04,,
156.08,,
156.12,,
156.16,,
156.2,,
156.24,,
156.28,,
156.32,,
156.36,,
156.4,,
156.44,,
156.48,,
156.52,,
156.56,,
156.6,,
156.64,,
156.68,,
156.72,,
156.76,,
156.8,,
156.84,,
156.88,,
156.92,,
156.96,,
157.0,,
157.04,,
157.08,,
157.12,,
157.16,,
157.2,,
157.24,,
157.28,,
157.32,,
157.36,,
157.4,,
157.44,,
157.48,,
157.52,,
157.56,,
157.6,,
157.64,,
157.68,,
157.72,,
157.76,,
157.8,,
157.84,,
157.88,,
157.92,,
157.96,,
158.0,,
158.04,,
158.08,,
158.12,,
158.16,,
158.2,,
158.24,,
158.28,,
158.32,,
158.36,,
158.4,,
158.44,,
158.48,,
158.52,,
158.56,,
158.6,,
158.64,,
158.68,,
158.72,,
158.76,,
158.8,,
158.84,,
158.88,,
158.92,,
158.96,,
159.0,,
159.04,,
159.08,,
159.12,,
159.16,,
159.2,,
159.24,,
159.28,,
159.32,,
159.36,,
159.4,,
159.44,,
159.48,,
159.52,,
159.56,,
159.6,,
159.64,,
159.68,,
159.72,,
159.76,,
159.8,,
159.84,,
159.88,,
159.92,,
159.96,,
160.0,,
160.04,,
160.08,,
160.12,,
160.16,,
160.2,,
160.24,,
160.28,,
160.32,,
160.36,,
160.4,,
160.44,,
160.48,,
160.52,,
160.56,,
160.6,,
160.64,,
160.68,,
160.72,,
160.76,,
160.8,,
160.84,,
160.88,,
160.92,,
160.96,,
161.0,,
161.04,,
161.08,,
161.12,,
161.16,,
161.2,,
161.24,,
161.28,,
161.32,,
161.36,,
161.4,,
161.44,,
161.48,,
161.52,,
161.56,,
161.6,,
161.64,,
161.68,,
161.72,,
161.76,,
161.8,,
161.84,,
161.88,,
161.92,,
161.96,,
162.0,,
162.04,,
162.08,,
162.12,,
162.16,,
162.2,,
162.24,,
162.28,,
162.32,,
162.36,,
162.4,,
162.44,,
162.48,,
162.52,,
162.56,,
162.6,,
162.64,,
162.68,,
162.72,,
162.76,,
162.8,,
162.84,,
162.88,,
162.92,,
162.96,,
163.0,,
163.04,,
163.08,,
163.12,,
163.16,,
163.2,,
163.24,,
163.28,,
163.32,,
163.36,,
163.4,,
163.44,,
163.48,,
163.52,,
163.56,,
163.6,,
163.64,,
163.68,,
163.72,,
163.76,,
163.8,,
163.84,,
163.88,,
163.92,,
163.96,,
164.0,,
164.04,,
164.08,,
164.12,,
164.16,,
164.2,,
164.24,,
164.28,,
164.32,,
164.36,,
164.4,,
164.44,,
164.48,,
164.52,,
164.56,,
164.6,,
164.64,,
164.68,,
164.72,,
164.76,,
164.8,,
164.84,,
164.88,,
164.92,,
164.96,,
165.0,,
165.04,,
165.08,,
165.12,,
165.16,,
165.2,,
165.24,,
165.28,,
165.32,,
165.36,,
165.4,,
165.44,,
165.48,,
165.52,,
165.56,,
165.6,,
165.64,,
165.68,,
165.72,,
165.76,,
165.8,,
165.84,,
165.88,,
165.92,,
165.96,,
166.0,,
166.04,,
166.08,,
166.12,,
166.16,,
166.2,,
166.24,,
166.28,,
166.32,,
166.36,,
166.4,,
166.44,,
166.48,,
166.52,,
166.56,,
166.6,,
166.64,,
166.68,,
166.72,,
166.76,,
166.8,,
166.84,,
166.88,,
166.92,,
166.96,,
167.0,,
167.04,,
167.08,,
167.12,,
167.16,,
167.2,,
167.24,,
167.28,,
167.32,,
167.36,,
167.4,,
167.44,,
167.48,,
167.52,,
167.56,,
167.6,,
167.64,,
167.68,,
167.72,,
167.76,,
167.8,,
167.84,,
167.88,,
167.92,,
167.96,,
168.0,,
168.04,,
168.08,,
168.12,,
168.16,,
168.2,,
168.24,,
168.28,,
168.32,,
168.36,,
168.4,,
168.44,,
168.48,,
168.52,,
168.56,,
168.6,,
168.64,,
168.68,,
168.72,,
168.76,,
168.8,,
168.84,,
168.88,,
168.92,,
168.96,,
169.0,,
169.04,,
169.08,,
169.12,,
169.16,,
169.2,,
169.24,,
169.28,,
169.32,,
169.36,,
169.4,,
169.44,,
169.48,,
169.52,,
169.56,,
169.6,,
169.64,,
169.68,,
169.72,,
169.76,,
169.8,,
169.84,,
169.88,,
169.92,,
169.96,,
170.0,,
170.04,,
170.08,,
170.12,,
170.16,,
170.2,,
170.24,,
170.28,,
170.32,,
170.36,,
170.4,,
170.44,,
170.48,,
170.52,,
170.56,,
170.6,,
170.64,,
170.68,,
170.72,,
170.76,,
170.8,,
170.84,,
170.88,,
170.92,,
170.96,,
171.0,,
171.04,,
171.08,,
171.12,,
171.16,,
171.2,,
171.24,,
171.28,,
171.32,,
171.36,,
171.4,,
171.44,,
171.48,,
171.52,,
171.56,,
171.6,,
171.64,,
171.68,,
171.72,,
171.76,,
171.8,,
171.84,,
171.88,,
171.92,,
171.96,,
172.0,,
172.04,,
172.08,,
172.12,,
172.16,,
172.2,,
172.24,,
172.28,,
172.32,,
172.36,,
172.4,,
172.44,,
172.48,,
172.52,,
172.56,,
172.6,,
172.64,,
172.68,,
172.72,,
172.76,,
172.8,,
172.84,,
172.88,,
172.92,,
172.96,,
173.0,,
173.04,,
173.08,,
173.12,,
173.16,,
173.2,,
173.24,,
173.28,,
173.32,,
173.36,,
173.4,,
173.44,,
173.48,,
173.52,,
173.56,,
173.6,,
173.64,,
173.68,,
173.72,,
173.76,,
173.8,,
173.84,,
173.88,,
173.92,,
173.96,,
174.0,,
174.04,,
174.08,,
174.12,,
174.16,,
174.2,,
174.24,,
174.28,,
174.32,,
174.36,,
174.4,,
174.44,,
174.48,,
174.52,,
174.56,,
174.6,,
174.64,,
174.68,,
174.72,,
174.76,,
174.8,,
174.84,,
174.88,,
174.92,,
174.96,,
175.0,,
175.04,,
175.08,,
175.12,,
175.16,,
175.2,,
175.24,,
175.28,,
175.32,,
175.36,,
175.4,,
175.44,,
175.48,,
175.52,,
175.56,,
175.6,,
175.64,,
175.68,,
175.72,,
175.76,,
175.8,,
175.84,,
175.88,,
175.92,,
175.96,,
176.0,,
176.04,,
176.08,,
176.12,,
176.16,,
176.2,,
176.24,,
176.28,,
176.32,,
176.36,,
176.4,,
176.44,,
176.48,,
176.52,,
176.56,,
176.6,,
176.64,,
176.68,,
176.72,,
176.76,,
176.8,,
176.84,,
176.88,,
176.92,,
176.96,,
177.0,,
177.04,,
177.08,,
177.12,,
177.16,,
177.2,,
177.24,,
177.28,,
177.32,,
177.36,,
177.4,,
177.44,,
177.48,,
177.52,,
177.56,,
177.6,,
177.64,,
177.68,,
177.72,,
177.76,,
177.8,,
177.84,,
177.88,,
177.92,,
177.96,,
178.0,,
178.04,,
178.08,,
178.12,,
178.16,,
178.2,,
178.24,,
178.28,,
178.32,,
178.36,,
178.4,,
178.44,,
178.48,,
178.52,,
178.56,,
178.6,,
178.64,,
178.68,,
178.72,,
178.76,,
178.8,,
178.84,,
178.88,,
178.92,,
178.96,,
179.0,,
179.04,,
179.08,,
179.12,,
179.16,,
179.2,,
179.24,,
179.28,,
179.32,,
179.36,,
179.4,,
179.44,,
179.48,,
179.52,,
179.56,,
179.6,,
179.64,,
179.68,,
179.72,,
179.76,,
179.8,,
179.84,,
179.88,,
179.92,,
179.96,,
180.0,,
180.04,,
180.08,,
180.12,,
180.16,,
180.2,,
180.24,,
180.28,,
180.32,,
180.36,,
180.4,,
180.44,,
180.48,,
180.52,,
180.56,,
180.6,,
180.64,,
180.68,,
180.72,,
180.76,,
180.8,,
180.84,,
180.88,,
180.92,,
180.96,,
181.0,,
181.04,,
181.08,,
181.12,,
181.16,,
181.2,,
181.24,,
181.28,,
181.32,,
181.36,,
181.4,,
181.44,,
181.48,,
181.52,,
181.56,,
181.6,,
181.64,,
181.68,,
181.72,,
181.76,,
181.8,,
181.84,,
181.88,,
181.92,,
181.96,,
182.0,,
182.04,,
182.08,,
182.12,,
182.16,,
182.2,,
182.24,,
182.28,,
182.32,,
182.36,,
182.4,,
182.44,,
182.48,,
182.52,,
182.56,,
182.6,,
182.64,,
182.68,,
182.72,,
182.76,,
182.8,,
182.84,,
182.88,,
182.92,,
182.96,,
183.0,,
183.04,,
183.08,,
183.12,,
183.16,,
183.2,,
183.24,,
183.28,,
183.32,,
183.36,,
183.4,,
183.44,,
183.48,,
183.52,,
183.56,,
183.6,,
183.64,,
183.68,,
183.72,,
183.76,,
183.8,,
183.84,,
183.88,,
183.92,,
183.96,,
184.0,,
184.04,,
184.08,,
184.12,,
184.16,,
184.2,,
184.24,,
184.28,,
184.32,,
184.36,,
184.4,,
184.44,,
184.48,,
184.52,,
184.56,,
184.6,,
184.64,,
184.68,,
184.72,,
184.76,,
184.8,,
184.84,,
184.88,,
184.92,,
184.96,,
185.0,,
185.04,,
185.08,,
185.12,,
185.16,,
185.2,,
185.24,,
185.28,,
185.32,,
185.36,,
185.4,,
185.44,,
185.48,,
185.52,,
185.56,,
185.6,,
185.64,,
185.68,,
185.72,,
185.76,,
185.8,,
185.84,,
185.88,,
185.92,,
185.96,,
186.0,,
186.04,,
186.08,,
186.12,,
186.16,,
186.2,,
186.24,,
186.28,,
186.32,,
186.36,,
186.4,,
186.44,,
186.48,,
186.52,,
186.56,,
186.6,,
186.64,,
186.68,,
186.72,,
186.76,,
186.8,,
186.84,,
186.88,,
186.92,,
186.96,,
187.0,,
187.04,,
187.08,,
187.12,,
187.16,,
187.2,,
187.24,,
187.28,,
187.32,,
187.36,,
187.4,,
187.44,,
187.48,,
187.52,,
187.56,,
187.6,,
187.64,,
187.68,,
187.72,,
187.76,,
187.8,,
187.84,,
187.88,,
187.92,,
187.96,,
188.0,,
188.04,,
188.08,,
188.12,,
188.16,,
188.2,,
188.24,,
188.28,,
188.32,,
188.36,,
188.4,,
188.44,,
188.48,,
188.52,,
188.56,,
188.6,,
188.64,,
188.68,,
188.72,,
188.76,,
188.8,,
188.84,,
188.88,,
188.92,,
188.96,,
189.0,,
189.04,,
189.08,,
189.12,,
189.16,,
189.2,,
189.24,,
189.28,,
189.32,,
189.36,,
189.4,,
189.44,,
189.48,,
189.52,,
189.56,,
189.6,,
189.64,,
189.68,,
189.72,,
189.76,,
189.8,,
189.84,,
189.88,,
189.92,,
189.96,,
190.0,,
190.04,,
190.08,,
190.12,,
190.16,,
190.2,,
190.24,,
190.28,,
190.32,,
190.36,,
190.4,,
190.44,,
190.48,,
190.52,,
190.56,,
190.6,,
190.64,,
190.68,,
190.72,,
190.76,,
190.8,,
190.84,,
190.88,,
190.92,,
190.96,,
191.0,,
191.04,,
191.08,,
191.12,,
191.16,,
191.2,,
191.24,,
191.28,,
191.32,,
191.36,,
191.4,,
191.44,,
191.48,,
191.52,,
191.56,,
191.6,,
191.64,,
191.68,,
191.72,,
191.76,,
191.8,,
191.84,,
191.88,,
191.92,,
191.96,,
192.0,,
192.04,,
192.08,,
192.12,,
192.16,,
192.2,,
192.24,,
192.28,,
192.32,,
192.36,,
192.4,,
192.44,,
192.48,,
192.52,,
192.56,,
192.6,,
192.64,,
192.68,,
192.72,,
192.76,,
192.8,,
192.84,,
192.88,,
192.92,,
192.96,,
193.0,,
193.04,,
193.08,,
193.12,,
193.16,,
193.2,,
193.24,,
193.28,,
193.32,,
193.36,,
193.4,,
193.44,,
193.48,,
193.52,,
193.56,,
193.6,,
193.64,,
193.68,,
193.72,,
193.76,,
193.8,,
193.84,,
193.88,,
193.92,,
193.96,,
194.0,,
194.04,,
194.08,,
194.12,,
194.16,,
194.2,,
194.24,,
194.28,,
194.32,,
194.36,,
194.4,,
194.44,,
194.48,,
194.52,,
194.56,,
194.6,,
194.64,,
194.68,,
194.72,,
194.76,,
194.8,,
194.84,,
194.88,,
194.92,,
194.96,,
195.0,,
195.04,,
195.08,,
195.12,,
195.16,,
195.2,,
195.24,,
195.28,,
195.32,,
195.36,,
195.4,,
195.44,,
195.48,,
195.52,,
195.56,,
195.6,,
195.64,,
195.68,,
195.72,,
195.76,,
195.8,,
195.84,,
195.88,,
195.92,,
195.96,,
196.0,,
196.04,,
196.08,,
196.12,,
196.16,,
196.2,,
196.24,,
196.28,,
196.32,,
196.36,,
196.4,,
196.44,,
196.48,,
196.52,,
196.56,,
196.6,,
196.64,,
196.68,,
196.72,,
196.76,,
196.8,,
196.84,,
196.88,,
196.92,,
196.96,,
197.0,,
197.04,,
197.08,,
197.12,,
197.16,,
197.2,,
197.24,,
197.28,,
197.32,,
197.36,,
197.4,,
197.44,,
197.48,,
197.52,,
197.56,,
197.6,,
197.64,,
197.68,,
197.72,,
197.76,,
197.8,,
197.84,,
197.88,,
197.92,,
197.96,,
198.0,,
198.04,,
198.08,,
198.12,,
198.16,,
198.2,,
198.24,,
198.28,,
198.32,,
198.36,,
198.4,,
198.44,,
198.48,,
198.52,,
198.56,,
198.6,,
198.64,,
198.68,,
198.72,,
198.76,,
198.8,,
198.84,,
198.88,,
198.92,,
198.96,,
199.0,,
199.04,,
199.08,,
199.12,,
199.16,,
199.2,,
199.24,,
199.28,,
199.32,,
199.36,,
199.4,,
199.44,,
199.48,,
199.52,,
199.56,,
199.6,,
199.64,,
199.68,,
199.72,,
199.76,,
199.8,,
199.84,,
199.88,,
199.92,,
199.96,,
200.0,,
200.04,,
200.08,,
200.12,,
200.16,,
200.2,,
200.24,,
200.28,,
200.32,,
200.36,,
200.4,,
200.44,,
200.48,,
200.52,,
200.56,,
200.6,,
200.64,,
200.68,,
200.72,,
200.76,,
200.8,,
200.84,,
200.88,,
200.92,,
200.96,,
201.0,,
201.04,,
201.08,,
201.12,,
201.16,,
201.2,,
201.24,,
201.28,,
201.32,,
201.36,,
201.4,,
201.44,,
201.48,,
201.52,,
201.56,,
201.6,,
201.64,,
201.68,,
201.72,,
201.76,,
201.8,,
201.84,,
201.88,,
201.92,,
201.96,,
202.0,,
202.04,,
202.08,,
202.12,,
202.16,,
202.2,,
202.24,,
202.28,,
202.32,,
202.36,,
202.4,,
202.44,,
202.48,,
202.52,,
202.56,,
202.6,,
202.64,,
202.68,,
202.72,,
202.76,,
202.8,,
202.84,,
202.88,,
202.92,,
202.96,,
203.0,,
203.04,,
203.08,,
203.12,,
203.16,,
203.2,,
203.24,,
203.28,,
203.32,,
203.36,,
203.4,,
203.44,,
203.48,,
203.52,,
203.56,,
203.6,,
203.64,,
203.68,,
203.72,,
203.76,,
203.8,,
203.84,,
203.88,,
203.92,,
203.96,,
204.0,,
204.04,,
204.08,,
204.12,,
204.16,,
204.2,,
204.24,,
204.28,,
204.32,,
204.36,,
204.4,,
204.44,,
204.48,,
204.52,,
204.56,,
204.6,,
204.64,,
204.68,,
204.72,,
204.76,,
204.8,,
204.84,,
204.88,,
204.92,,
204.96,,
205.0,,
205.04,,
205.08,,
205.12,,
205.16,,
205.2,,
205.24,,
205.28,,
205.32,,
205.36,,
205.4,,
205.44,,
205.48,,
205.52,,
205.56,,
205.6,,
205.64,,
205.68,,
205.72,,
205.76,,
205.8,,
205.84,,
205.88,,
205.92,,
205.96,,
206.0,,
206.04,,
206.08,,
206.12,,
206.16,,
206.2,,
206.24,,
206.28,,
206.32,,
206.36,,
206.4,,
206.44,,
206.48,,
206.52,,
206.56,,
206.6,,
206.64,,
206.68,,
206.72,,
206.76,,
206.8,,
206.84,,
206.88,,
206.92,,
206.96,,
207.0,,
207.04,,
207.08,,
207.12,,
207.16,,
207.2,,
207.24,,
207.28,,
207.32,,
207.36,,
207.4,,
207.44,,
207.48,,
207.52,,
207.56,,
207.6,,
207.64,,
207.68,,
207.72,,
207.76,,
207.8,,
207.84,,
207.88,,
207.92,,
207.96,,
208.0,,
208.04,,
208.08,,
208.12,,
208.16,,
208.2,,
208.24,,
208.28,,
208.32,,
208.36,,
208.4,,
208.44,,
208.48,,
208.52,,
208.56,,
208.6,,
208.64,,
208.68,,
208.72,,
208.76,,
208.8,,
208.84,,
208.88,,
208.92,,
208.96,,
209.0,,
209.04,,
209.08,,
209.12,,
209.16,,
209.2,,
209.24,,
209.28,,
209.32,,
209.36,,
209.4,,
209.44,,
209.48,,
209.52,,
209.56,,
209.6,,
209.64,,
209.68,,
209.72,,
209.76,,
209.8,,
209.84,,
209.88,,
209.92,,
209.96,,
210.0,,
210.04,,
210.08,,
210.12,,
210.16,,
210.2,,
210.24,,
210.28,,
210.32,,
210.36,,
210.4,,
210.44,,
210.48,,
210.52,,
210.56,,
210.6,,
210.64,,
210.68,,
210.72,,
210.76,,
210.8,,
210.84,,
210.88,,
210.92,,
210.96,,
211.0,,
211.04,,
211.08,,
211.12,,
211.16,,
211.2,,
211.24,,
211.28,,
211.32,,
211.36,,
211.4,,
211.44,,
211.48,,
211.52,,
211.56,,
211.6,,
211.64,,
211.68,,
211.72,,
211.76,,
211.8,,
211.84,,
211.88,,
211.92,,
211.96,,
212.0,,
212.04,,
212.08,,
212.12,,
212.16,,
212.2,,
212.24,,
212.28,,
212.32,,
212.36,,
212.4,,
212.44,,
212.48,,
212.52,,
212.56,,
212.6,,
212.64,,
212.68,,
212.72,,
212.76,,
212.8,,
212.84,,
212.88,,
212.92,,
212.96,,
213.0,,
213.04,,
213.08,,
213.12,,
213.16,,
213.2,,
213.24,,
213.28,,
213.32,,
213.36,,
213.4,,
213.44,,
213.48,,
213.52,,
213.56,,
213.6,,
213.64,,
213.68,,
213.72,,
213.76,,
213.8,,
213.84,,
213.88,,
213.92,,
213.96,,
214.0,,
214.04,,
214.08,,
214.12,,
214.16,,
214.2,,
214.24,,
214.28,,
214.32,,
214.36,,
214.4,,
214.44,,
214.48,,
214.52,,
214.56,,
214.6,,
214.64,,
214.68,,
214.72,,
214.76,,
214.8,,
214.84,,
214.88,,
214.92,,
214.96,,
215.0,,
215.04,,
215.08,,
215.12,,
215.16,,
215.2,,
215.24,,
215.28,,
215.32,,
215.36,,
215.4,,
215.44,,
215.48,,
215.52,,
215.56,,
215.6,,
215.64,,
215.68,,
215.72,,
215.76,,
215.8,,
215.84,,
215.88,,
215.92,,
215.96,,
216.0,,
216.04,,
216.08,,
216.12,,
216.16,,
216.2,,
216.24,,
216.28,,
216.32,,
216.36,,
216.4,,
216.44,,
216.48,,
216.52,,
216.56,,
216.6,,
216.64,,
216.68,,
216.72,,
216.76,,
216.8,,
216.84,,
216.88,,
216.92,,
216.96,,
217.0,,
217.04,,
217.08,,
217.12,,
217.16,,
217.2,,
217.24,,
217.28,,
217.32,,
217.36,,
217.4,,
217.44,,
217.48,,
217.52,,
217.56,,
217.6,,
217.64,,
217.68,,
217.72,,
217.76,,
217.8,,
217.84,,
217.88,,
217.92,,
217.96,,
218.0,,
218.04,,
218.08,,
218.12,,
218.16,,
218.2,,
218.24,,
218.28,,
218.32,,
218.36,,
218.4,,
218.44,,
218.48,,
218.52,,
218.56,,
218.6,,
218.64,,
218.68,,
218.72,,
218.76,,
218.8,,
218.84,,
218.88,,
218.92,,
218.96,,
219.0,,
219.04,,
219.08,,
219.12,,
219.16,,
219.2,,
219.24,,
219.28,,
219.32,,
219.36,,
219.4,,
219.44,,
219.48,,
219.52,,
219.56,,
219.6,,
219.64,,
219.68,,
219.72,,
219.76,,
219.8,,
219.84,,
219.88,,
219.92,,
219.96,,
220.0,,
220.04,,
220.08,,
220.12,,
220.16,,
220.2,,
220.24,,
220.28,,
220.32,,
220.36,,
220.4,,
220.44,,
220.48,,
220.52,,
220.56,,
220.6,,
220.64,,
220.68,,
220.72,,
220.76,,
220.8,,
220.84,,
220.88,,
220.92,,
220.96,,
221.0,,
221.04,,
221.08,,
221.12,,
221.16,,
221.2,,
221.24,,
221.28,,
221.32,,
221.36,,
221.4,,
221.44,,
221.48,,
221.52,,
221.56,,
221.6,,
221.64,,
221.68,,
221.72,,
221.76,,
221.8,,
221.84,,
221.88,,
221.92,,
221.96,,
222.0,,
222.04,,
222.08,,
222.12,,
222.16,,
222.2,,
222.24,,
222.28,,
222.32,,
222.36,,
222.4,,
222.44,,
222.48,,
222.52,,
222.56,,
222.6,,
222.64,,
222.68,,
222.72,,
222.76,,
222.8,,
222.84,,
222.88,,
222.92,,
222.96,,
223.0,,
223.04,,
223.08,,
223.12,,
223.16,,
223.2,,
223.24,,
223.28,,
223.32,,
223.36,,
223.4,,
223.44,,
223.48,,
223.52,,
223.56,,
223.6,,
223.64,,
223.68,,
223.72,,
223.76,,
223.8,,
223.84,,
223.88,,
223.92,,
223.96,,
224.0,,
224.04,,
224.08,,
224.12,,
224.16,,
224.2,,
224.24,,
224.28,,
224.32,,
224.36,,
224.4,,
224.44,,
224.48,,
224.52,,
224.56,,
224.6,,
224.64,,
224.68,,
224.72,,
224.76,,
224.8,,
224.84,,
224.88,,
224.92,,
224.96,,
225.0,,
225.04,,
225.08,,
225.12,,
225.16,,
225.2,,
225.24,,
225.28,,
225.32,,
225.36,,
225.4,,
225.44,,
225.48,,
225.52,,
225.56,,
225.6,,
225.64,,
225.68,,
225.72,,
225.76,,
225.8,,
225.84,,
225.88,,
225.92,,
225.96,,
226.0,,
226.04,,
226.08,,
226.12,,
226.16,,
226.2,,
226.24,,
226.28,,
226.32,,
226.36,,
226.4,,
226.44,,
226.48,,
226.52,,
226.56,,
226.6,,
226.64,,
226.68,,
226.72,,
226.76,,
226.8,,
226.84,,
226.88,,
226.92,,
226.96,,
227.0,,
227.04,,
227.08,,
227.12,,
227.16,,
227.2,,
227.24,,
227.28,,
227.32,,
227.36,,
227.4,,
227.44,,
227.48,,
227.52,,
227.56,,
227.6,,
227.64,,
227.68,,
227.72,,
227.76,,
227.8,,
227.84,,
227.88,,
227.92,,
227.96,,
228.0,,
228.04,,
228.08,,
228.12,,
228.16,,
228.2,,
228.24,,
228.28,,
228.32,,
228.36,,
228.4,,
228.44,,
228.48,,
228.52,,
228.56,,
228.6,,
228.64,,
228.68,,
228.72,,
228.76,,
228.8,,
228.84,,
228.88,,
228.92,,
228.96,,
229.0,,
229.04,,
229.08,,
229.12,,
229.16,,
229.2,,
229.24,,
229.28,,
229.32,,
229.36,,
229.4,,
229.44,,
229.48,,
229.52,,
229.56,,
229.6,,
229.64,,
229.68,,
229.72,,
229.76,,
229.8,,
229.84,,
229.88,,
229.92,,
229.96,,
230.0,,
230.04,,
230.08,,
230.12,,
230.16,,
230.2,,
230.24,,
230.28,,
230.32,,
230.36,,
230.4,,
230.44,,
230.48,,
230.52,,
230.56,,
230.6,,
230.64,,
230.68,,
230.72,,
230.76,,
230.8,,
230.84,,
230.88,,
230.92,,
230.96,,
231.0,,
231.04,,
231.08,,
231.12,,
231.16,,
231.2,,
231.24,,
231.28,,
231.32,,
231.36,,
231.4,,
231.44,,
231.48,,
231.52,,
231.56,,
231.6,,
231.64,,
231.68,,
231.72,,
231.76,,
231.8,,
231.84,,
231.88,,
231.92,,
231.96,,
232.0,,
232.04,,
232.08,,
232.12,,
232.16,,
232.2,,
232.24,,
232.28,,
232.32,,
232.36,,
232.4,,
232.44,,
232.48,,
232.52,,
232.56,,
232.6,,
232.64,,
232.68,,
232.72,,
232.76,,
232.8,,
232.84,,
232.88,,
232.92,,
232.96,,
233.0,,
233.04,,
233.08,,
233.12,,
233.16,,
233.2,,
233.24,,
233.28,,
233.32,,
233.36,,
233.4,,
233.44,,
233.48,,
233.52,,
233.56,,
233.6,,
233.64,,
233.68,,
233.72,,
233.76,,
233.8,,
233.84,,
233.88,,
233.92,,
233.96,,
234.0,,
234.04,,
234.08,,
234.12,,
234.16,,
234.2,,
234.24,,
234.28,,
234.32,,
234.36,,
234.4,,
234.44,,
234.48,,
234.52,,
234.56,,
234.6,,
234.64,,
234.68,,
234.72,,
234.76,,
234.8,,
234.84,,
234.88,,
234.92,,
234.96,,
235.0,,
235.04,,
235.08,,
235.12,,
235.16,,
235.2,,
235.24,,
235.28,,
235.32,,
235.36,,
235.4,,
235.44,,
235.48,,
235.52,,
235.56,,
235.6,,
235.64,,
235.68,,
235.72,,
235.76,,
235.8,,
235.84,,
235.88,,
235.92,,
235.96,,
236.0,,
236.04,,
236.08,,
236.12,,
236.16,,
236.2,,
236.24,,
236.28,,
236.32,,
236.36,,
236.4,,
236.44,,
236.48,,
236.52,,
236.56,,
236.6,,
236.64,,
236.68,,
236.72,,
236.76,,
236.8,,
236.84,,
236.88,,
236.92,,
236.96,,
237.0,,
237.04,,
237.08,,
237.12,,
237.16,,
237.2,,
237.24,,
237.28,,
237.32,,
237.36,,
237.4,,
237.44,,
237.48,,
237.52,,
237.56,,
237.6,,
237.64,,
237.68,,
237.72,,
237.76,,
237.8,,
237.84,,
237.88,,
237.92,,
237.96,,
238.0,,
238.04,,
238.08,,
238.12,,
238.16,,
238.2,,
238.24,,
238.28,,
238.32,,
238.36,,
238.4,,
238.44,,
238.48,,
238.52,,
238.56,,
238.6,,
238.64,,
238.68,,
238.72,,
238.76,,
238.8,,
238.84,,
238.88,,
238.92,,
238.96,,
239.0,,
239.04,,
239.08,,
239.12,,
239.16,,
239.2,,
239.24,,
239.28,,
239.32,,
239.36,,
239.4,,
239.44,,
239.48,,
239.52,,
239.56,,
239.6,,
239.64,,
239.68,,
239.72,,
239.76,,
239.8,,
239.84,,
239.88,,
239.92,,
239.96,,
240.0,,
240.04,,
240.08,,
240.12,,
240.16,,
240.2,,
240.24,,
240.28,,
240.32,,
240.36,,
240.4,,
240.44,,
240.48,,
240.52,,
240.56,,
240.6,,
240.64,,
240.68,,
240.72,,
240.76,,
240.8,,
240.84,,
240.88,,
240.92,,
240.96,,
241.0,,
241.04,,
241.08,,
241.12,,
241.16,,
241.2,,
241.24,,
241.28,,
241.32,,
241.36,,
241.4,,
241.44,,
241.48,,
241.52,,
241.56,,
241.6,,
241.64,,
241.68,,
241.72,,
241.76,,
241.8,,
241.84,,
241.88,,
241.92,,
241.96,,
242.0,,
242.04,,
242.08,,
242.12,,
242.16,,
242.2,,
242.24,,
242.28,,
242.32,,
242.36,,
242.4,,
242.44,,
242.48,,
242.52,,
242.56,,
242.6,,
242.64,,
242.68,,
242.72,,
242.76,,
242.8,,
242.84,,
242.88,,
242.92,,
242.96,,
243.0,,
243.04,,
243.08,,
243.12,,
243.16,,
243.2,,
243.24,,
243.28,,
243.32,,
243.36,,
243.4,,
243.44,,
243.48,,
243.52,,
243.56,,
243.6,,
243.64,,
243.68,,
243.72,,
243.76,,
243.8,,
243.84,,
243.88,,
243.92,,
243.96,,
244.0,,
244.04,,
244.08,,
244.12,,
244.16,,
244.2,,
244.24,,
244.28,,
244.32,,
244.36,,
244.4,,
244.44,,
244.48,,
244.52,,
244.56,,
244.6,,
244.64,,
244.68,,
244.72,,
244.76,,
244.8,,
244.84,,
244.88,,
244.92,,
244.96,,
245.0,,
245.04,,
245.08,,
245.12,,
245.16,,
245.2,,
245.24,,
245.28,,
245.32,,
245.36,,
245.4,,
245.44,,
245.48,,
245.52,,
245.56,,
245.6,,
245.64,,
245.68,,
245.72,,
245.76,,
245.8,,
245.84,,
245.88,,
245.92,,
245.96,,
246.0,,
246.04,,
246.08,,
246.12,,
246.16,,
246.2,,
246.24,,
246.28,,
246.32,,
246.36,,
246.4,,
246.44,,
246.48,,
246.52,,
246.56,,
246.6,,
246.64,,
246.68,,
246.72,,
246.76,,
246.8,,
246.84,,
246.88,,
246.92,,
246.96,,
247.0,,
247.04,,
247.08,,
247.12,,
247.16,,
247.2,,
247.24,,
247.28,,
247.32,,
247.36,,
247.4,,
247.44,,
247.48,,
247.52,,
247.56,,
247.6,,
247.64,,
247.68,,
247.72,,
247.76,,
247.8,,
247.84,,
247.88,,
247.92,,
247.96,,
248.0,,
248.04,,
248.08,,
248.12,,
248.16,,
248.2,,
248.24,,
248.28,,
248.32,,
248.36,,
248.4,,
248.44,,
248.48,,
248.52,,
248.56,,
248.6,,
248.64,,
248.68,,
248.72,,
248.76,,
248.8,,
248.84,,
248.88,,
248.92,,
248.96,,
249.0,,
249.04,,
249.08,,
249.12,,
249.16,,
249.2,,
249.24,,
249.28,,
249.32,,
249.36,,
249.4,,
249.44,,
249.48,,
249.52,,
249.56,,
249.6,,
249.64,,
249.68,,
249.72,,
249.76,,
249.8,,
249.84,,
249.88,,
249.92,,
249.96,,
250.0,,
250.04,,
250.08,,
250.12,,
250.16,,
250.2,,
250.24,,
250.28,,
250.32,,
250.36,,
250.4,,
250.44,,
250.48,,
250.52,,
250.56,,
250.6,,
250.64,,
250.68,,
250.72,,
250.76,,
250.8,,
250.84,,
250.88,,
250.92,,
250.96,,
251.0,,
251.04,,
251.08,,
251.12,,
251.16,,
251.2,,
251.24,,
251.28,,
251.32,,
251.36,,
251.4,,
251.44,,
251.48,,
251.52,,
251.56,,
251.6,,
251.64,,
251.68,,
251.72,,
251.76,,
251.8,,
251.84,,
251.88,,
251.92,,
251.96,,
252.0,,
252.04,,
252.08,,
252.12,,
252.16,,
252.2,,
252.24,,
252.28,,
252.32,,
252.36,,
252.4,,
252.44,,
252.48,,
252.52,,
252.56,,
252.6,,
252.64,,
252.68,,
252.72,,
252.76,,
252.8,,
252.84,,
252.88,,
252.92,,
252.96,,
253.0,,
253.04,,
253.08,,
253.12,,
253.16,,
253.2,,
253.24,,
253.28,,
253.32,,
253.36,,
253.4,,
253.44,,
253.48,,
253.52,,
253.56,,
253.6,,
253.64,,
253.68,,
253.72,,
253.76,,
253.8,,
253.84,,
253.88,,
253.92,,
253.96,,
254.0,,
254.04,,
254.08,,
254.12,,
254.16,,
254.2,,
254.24,,
254.28,,
254.32,,
254.36,,
254.4,,
254.44,,
254.48,,
254.52,,
254.56,,
254.6,,
254.64,,
254.68,,
254.72,,
254.76,,
254.8,,
254.84,,
254.88,,
254.92,,
254.96,,
255.0,,
255.04,,
255.08,,
255.12,,
255.16,,
255.2,,
255.24,,
255.28,,
255.32,,
255.36,,
255.4,,
255.44,,
255.48,,
255.52,,
255.56,,
255.6,,
255.64,,
255.68,,
255.72,,
255.76,,
255.8,,
255.84,,
255.88,,
255.92,,
255.96,,
256.0,,
256.04,,
256.08,,
256.12,,
256.16,,
256.2,,
256.24,,
256.28,,
256.32,,
256.36,,
256.4,,
256.44,,
256.48,,
256.52,,
256.56,,
256.6,,
256.64,,
256.68,,
256.72,,
256.76,,
256.8,,
256.84,,
256.88,,
256.92,,
256.96,,
257.0,,
257.04,,
257.08,,
257.12,,
257.16,,
257.2,,
257.24,,
257.28,,
257.32,,
257.36,,
257.4,,
257.44,,
257.48,,
257.52,,
257.56,,
257.6,,
257.64,,
257.68,,
257.72,,
257.76,,
257.8,,
257.84,,
257.88,,
257.92,,
257.96,,
258.0,,
258.04,,
258.08,,
258.12,,
258.16,,
258.2,,
258.24,,
258.28,,
258.32,,
258.36,,
258.4,,
258.44,,
258.48,,
258.52,,
258.56,,
258.6,,
258.64,,
258.68,,
258.72,,
258.76,,
258.8,,
258.84,,
258.88,,
258.92,,
258.96,,
259.0,,
259.04,,
259.08,,
259.12,,
259.16,,
259.2,,
259.24,,
259.28,,
259.32,,
259.36,,
259.4,,
259.44,,
259.48,,
259.52,,
259.56,,
259.6,,
259.64,,
259.68,,
259.72,,
259.76,,
259.8,,
259.84,,
259.88,,
259.92,,
259.96,,
260.0,,
260.04,,
260.08,,
260.12,,
260.16,,
260.2,,
260.24,,
260.28,,
260.32,,
260.36,,
260.4,,
260.44,,
260.48,,
260.52,,
260.56,,
260.6,,
260.64,,
260.68,,
260.72,,
260.76,,
260.8,,
260.84,,
260.88,,
260.92,,
260.96,,
261.0,,
261.04,,
261.08,,
261.12,,
261.16,,
261.2,,
261.24,,
261.28,,
261.32,,
261.36,,
261.4,,
261.44,,
261.48,,
261.52,,
261.56,,
261.6,,
261.64,,
261.68,,
261.72,,
261.76,,
261.8,,
261.84,,
261.88,,
261.92,,
261.96,,
262.0,,
262.04,,
262.08,,
262.12,,
262.16,,
262.2,,
262.24,,
262.28,,
262.32,,
262.36,,
262.4,,
262.44,,
262.48,,
262.52,,
262.56,,
262.6,,
262.64,,
262.68,,
262.72,,
262.76,,
262.8,,
262.84,,
262.88,,
262.92,,
262.96,,
263.0,,
263.04,,
263.08,,
263.12,,
263.16,,
263.2,,
263.24,,
263.28,,
263.32,,
263.36,,
263.4,,
263.44,,
263.48,,
263.52,,
263.56,,
263.6,,
263.64,,
263.68,,
263.72,,
263.76,,
263.8,,
263.84,,
263.88,,
263.92,,
263.96,,
264.0,,
264.04,,
264.08,,
264.12,,
264.16,,
264.2,,
264.24,,
264.28,,
264.32,,
264.36,,
264.4,,
264.44,,
264.48,,
264.52,,
264.56,,
264.6,,
264.64,,
264.68,,
264.72,,
264.76,,
264.8,,
264.84,,
264.88,,
264.92,,
264.96,,
265.0,,
265.04,,
265.08,,
265.12,,
265.16,,
265.2,,
265.24,,
265.28,,
265.32,,
265.36,,
265.4,,
265.44,,
265.48,,
265.52,,
265.56,,
265.6,,
265.64,,
265.68,,
265.72,,
265.76,,
265.8,,
265.84,,
265.88,,
265.92,,
265.96,,
266.0,,
266.04,,
266.08,,
266.12,,
266.16,,
266.2,,
266.24,,
266.28,,
266.32,,
266.36,,
266.4,,
266.44,,
266.48,,
266.52,,
266.56,,
266.6,,
266.64,,
266.68,,
266.72,,
266.76,,
266.8,,
266.84,,
266.88,,
266.92,,
266.96,,
267.0,,
267.04,,
267.08,,
267.12,,
267.16,,
267.2,,
267.24,,
267.28,,
267.32,,
267.36,,
267.4,,
267.44,,
267.48,,
267.52,,
267.56,,
267.6,,
267.64,,
267.68,,
267.72,,
267.76,,
267.8,,
267.84,,
267.88,,
267.92,,
267.96,,
268.0,,
268.04,,
268.08,,
268.12,,
268.16,,
268.2,,
268.24,,
268.28,,
268.32,,
268.36,,
268.4,,
268.44,,
268.48,,
268.52,,
268.56,,
268.6,,
268.64,,
268.68,,
268.72,,
268.76,,
268.8,,
268.84,,
268.88,,
268.92,,
268.96,,
269.0,,
269.04,,
269.08,,
269.12,,
269.16,,
269.2,,
269.24,,
269.28,,
269.32,,
269.36,,
269.4,,
269.44,,
269.48,,
269.52,,
269.56,,
269.6,,
269.64,,
269.68,,
269.72,,
269.76,,
269.8,,
269.84,,
269.88,,
269.92,,
269.96,,
270.0,,
270.04,,
270.08,,
270.12,,
270.16,,
270.2,,
270.24,,
270.28,,
270.32,,
270.36,,
270.4,,
270.44,,
270.48,,
270.52,,
270.56,,
270.6,,
270.64,,
270.68,,
270.72,,
270.76,,
270.8,,
270.84,,
270.88,,
270.92,,
270.96,,
271.0,,
271.04,,
271.08,,
271.12,,
271.16,,
271.2,,
271.24,,
271.28,,
271.32,,
271.36,,
271.4,,
271.44,,
271.48,,
271.52,,
271.56,,
271.6,,
271.64,,
271.68,,
271.72,,
271.76,,
271.8,,
271.84,,
271.88,,
271.92,,
271.96,,
272.0,,
272.04,,
272.08,,
272.12,,
272.16,,
272.2,,
272.24,,
272.28,,
272.32,,
272.36,,
272.4,,
272.44,,
272.48,,
272.52,,
272.56,,
272.6,,
272.64,,
272.68,,
272.72,,
272.76,,
272.8,,
272.84,,
272.88,,
272.92,,
272.96,,
273.0,,
273.04,,
273.08,,
273.12,,
273.16,,
273.2,,
273.24,,
273.28,,
273.32,,
273.36,,
273.4,,
273.44,,
273.48,,
273.52,,
273.56,,
273.6,,
273.64,,
273.68,,
273.72,,
273.76,,
273.8,,
273.84,,
273.88,,
273.92,,
273.96,,
274.0,,
274.04,,
274.08,,
274.12,,
274.16,,
274.2,,
274.24,,
274.28,,
274.32,,
274.36,,
274.4,,
274.44,,
274.48,,
274.52,,
274.56,,
274.6,,
274.64,,
274.68,,
274.72,,
274.76,,
274.8,,
274.84,,
274.88,,
274.92,,
274.96,,
275.0,,
275.04,,
275.08,,
275.12,,
275.16,,
275.2,,
275.24,,
275.28,,
275.32,,
275.36,,
275.4,,
275.44,,
275.48,,
275.52,,
275.56,,
275.6,,
275.64,,
275.68,,
275.72,,
275.76,,
275.8,,
275.84,,
275.88,,
275.92,,
275.96,,
276.0,,
276.04,,
276.08,,
276.12,,
276.16,,
276.2,,
276.24,,
276.28,,
276.32,,
276.36,,
276.4,,
276.44,,
276.48,,
276.52,,
276.56,,
276.6,,
276.64,,
276.68,,
276.72,,
276.76,,
276.8,,
276.84,,
276.88,,
276.92,,
276.96,,
277.0,,
277.04,,
277.08,,
277.12,,
277.16,,
277.2,,
277.24,,
277.28,,
277.32,,
277.36,,
277.4,,
277.44,,
277.48,,
277.52,,
277.56,,
277.6,,
277.64,,
277.68,,
277.72,,
277.76,,
277.8,,
277.84,,
277.88,,
277.92,,
277.96,,
278.0,,
278.04,,
278.08,,
278.12,,
278.16,,
278.2,,
278.24,,
278.28,,
278.32,,
278.36,,
278.4,,
278.44,,
278.48,,
278.52,,
278.56,,
278.6,,
278.64,,
278.68,,
278.72,,
278.76,,
278.8,,
278.84,,
278.88,,
278.92,,
278.96,,
279.0,,
279.04,,
279.08,,
279.12,,
279.16,,
279.2,,
279.24,,
279.28,,
279.32,,
279.36,,
279.4,,
279.44,,
279.48,,
279.52,,
279.56,,
279.6,,
279.64,,
279.68,,
279.72,,
279.76,,
279.8,,
279.84,,
279.88,,
279.92,,
279.96,,
280.0,,
280.04,,
280.08,,
280.12,,
280.16,,
280.2,,
280.24,,
280.28,,
280.32,,
280.36,,
280.4,,
280.44,,
280.48,,
280.52,,
280.56,,
280.6,,
280.64,,
280.68,,
280.72,,
280.76,,
280.8,,
280.84,,
280.88,,
280.92,,
280.96,,
281.0,,
281.04,,
281.08,,
281.12,,
281.16,,
281.2,,
281.24,,
281.28,,
281.32,,
281.36,,
281.4,,
281.44,,
281.48,,
281.52,,
281.56,,
281.6,,
281.64,,
281.68,,
281.72,,
281.76,,
281.8,,
281.84,,
281.88,,
281.92,,
281.96,,
282.0,,
282.04,,
282.08,,
282.12,,
282.16,,
282.2,,
282.24,,
282.28,,
282.32,,
282.36,,
282.4,,
282.44,,
282.48,,
282.52,,
282.56,,
282.6,,
282.64,,
282.68,,
282.72,,
282.76,,
282.8,,
282.84,,
282.88,,
282.92,,
282.96,,
283.0,,
283.04,,
283.08,,
283.12,,
283.16,,
283.2,,
283.24,,
283.28,,
283.32,,
283.36,,
283.4,,
283.44,,
283.48,,
283.52,,
283.56,,
283.6,,
283.64,,
283.68,,
283.72,,
283.76,,
283.8,,
283.84,,
283.88,,
283.92,,
283.96,,
284.0,,
284.04,,
284.08,,
284.12,,
284.16,,
284.2,,
284.24,,
284.28,,
284.32,,
284.36,,
284.4,,
284.44,,
284.48,,
284.52,,
284.56,,
284.6,,
284.64,,
284.68,,
284.72,,
284.76,,
284.8,,
284.84,,
284.88,,
284.92,,
284.96,,
285.0,,
285.04,,
285.08,,
285.12,,
285.16,,
285.2,,
285.24,,
285.28,,
285.32,,
285.36,,
285.4,,
285.44,,
285.48,,
285.52,,
285.56,,
285.6,,
285.64,,
285.68,,
285.72,,
285.76,,
285.8,,
285.84,,
285.88,,
285.92,,
285.96,,
286.0,,
286.04,,
286.08,,
286.12,,
286.16,,
286.2,,
286.24,,
286.28,,
286.32,,
286.36,,
286.4,,
286.44,,
286.48,,
286.52,,
286.56,,
286.6,,
286.64,,
286.68,,
286.72,,
286.76,,
286.8,,
286.84,,
286.88,,
286.92,,
286.96,,
287.0,,
287.04,,
287.08,,
287.12,,
287.16,,
287.2,,
287.24,,
287.28,,
287.32,,
287.36,,
287.4,,
287.44,,
287.48,,
287.52,,
287.56,,
287.6,,
287.64,,
287.68,,
287.72,,
287.76,,
287.8,,
287.84,,
287.88,,
287.92,,
287.96,,
288.0,,
288.04,,
288.08,,
288.12,,
288.16,,
288.2,,
288.24,,
288.28,,
288.32,,
288.36,,
288.4,,
288.44,,
288.48,,
288.52,,
288.56,,
288.6,,
288.64,,
288.68,,
288.72,,
288.76,,
288.8,,
288.84,,
288.88,,
288.92,,
288.96,,
289.0,,
289.04,,
289.08,,
289.12,,
289.16,,
289.2,,
289.24,,
289.28,,
289.32,,
289.36,,
289.4,,
289.44,,
289.48,,
289.52,,
289.56,,
289.6,,
289.64,,
289.68,,
289.72,,
289.76,,
289.8,,
289.84,,
289.88,,
289.92,,
289.96,,
290.0,,
290.04,,
290.08,,
290.12,,
290.16,,
290.2,,
290.24,,
290.28,,
290.32,,
290.36,,
290.4,,
290.44,,
290.48,,
290.52,,
290.56,,
290.6,,
290.64,,
290.68,,
290.72,,
290.76,,
290.8,,
290.84,,
290.88,,
290.92,,
290.96,,
291.0,,
291.04,,
291.08,,
291.12,,
291.16,,
291.2,,
291.24,,
291.28,,
291.32,,
291.36,,
291.4,,
291.44,,
291.48,,
291.52,,
291.56,,
291.6,,
291.64,,
291.68,,
291.72,,
291.76,,
291.8,,
291.84,,
291.88,,
291.92,,
291.96,,
292.0,,
292.04,,
292.08,,
292.12,,
292.16,,
292.2,,
292.24,,
292.28,,
292.32,,
292.36,,
292.4,,
292.44,,
292.48,,
292.52,,
292.56,,
292.6,,
292.64,,
292.68,,
292.72,,
292.76,,
292.8,,
292.84,,
292.88,,
292.92,,
292.96,,
293.0,,
293.04,,
293.08,,
293.12,,
293.16,,
293.2,,
293.24,,
293.28,,
293.32,,
293.36,,
293.4,,
293.44,,
293.48,,
293.52,,
293.56,,
293.6,,
293.64,,
293.68,,
293.72,,
293.76,,
293.8,,
293.84,,
293.88,,
293.92,,
293.96,,
294.0,,
294.04,,
294.08,,
294.12,,
294.16,,
294.2,,
294.24,,
294.28,,
294.32,,
294.36,,
294.4,,
294.44,,
294.48,,
294.52,,
294.56,,
294.6,,
294.64,,
294.68,,
294.72,,
294.76,,
294.8,,
294.84,,
294.88,,
294.92,,
294.96,,
295.0,,
295.04,,
295.08,,
295.12,,
295.16,,
295.2,,
295.24,,
295.28,,
295.32,,
295.36,,
295.4,,
295.44,,
295.48,,
295.52,,
295.56,,
295.6,,
295.64,,
295.68,,
295.72,,
295.76,,
295.8,,
295.84,,
295.88,,
295.92,,
295.96,,
296.0,,
296.04,,
296.08,,
296.12,,
296.16,,
296.2,,
296.24,,
296.28,,
296.32,,
296.36,,
296.4,,
296.44,,
296.48,,
296.52,,
296.56,,
296.6,,
296.64,,
296.68,,
296.72,,
296.76,,
296.8,,
296.84,,
296.88,,
296.92,,
296.96,,
297.0,,
297.04,,
297.08,,
297.12,,
297.16,,
297.2,,
297.24,,
297.28,,
297.32,,
297.36,,
297.4,,
297.44,,
297.48,,
297.52,,
297.56,,
297.6,,
297.64,,
297.68,,
297.72,,
297.76,,
297.8,,
297.84,,
297.88,,
297.92,,
297.96,,
298.0,,
298.04,,
298.08,,
298.12,,
298.16,,
298.2,,
298.24,,
298.28,,
298.32,,
298.36,,
298.4,,
298.44,,
298.48,,
298.52,,
298.56,,
298.6,,
298.64,,
298.68,,
298.72,,
298.76,,
298.8,,
298.84,,
298.88,,
298.92,,
298.96,,
299.0,,
299.04,,
299.08,,
299.12,,
299.16,,
299.2,,
299.24,,
299.28,,
299.32,,
299.36,,
299.4,,
299.44,,
299.48,,
299.52,,
299.56,,
299.6,,
299.64,,
299.68,,
299.72,,
299.76,,
299.8,,
299.84,,
299.88,,
299.92,,
299.96,,
300.0,,
300.04,,
300.08,,
300.12,,
300.16,,
300.2,,
300.24,,
300.28,,
300.32,,
300.36,,
300.4,,
300.44,,
300.48,,
300.52,,
300.56,,
300.6,,
300.64,,
300.68,,
300.72,,
300.76,,
300.8,,
300.84,,
300.88,,
300.92,,
300.96,,
301.0,,
301.04,,
301.08,,
301.12,,
301.16,,
301.2,,
301.24,,
301.28,,
301.32,,
301.36,,
301.4,,
301.44,,
301.48,,
301.52,,
301.56,,
301.6,,
301.64,,
301.68,,
301.72,,
301.76,,
301.8,,
301.84,,
301.88,,
301.92,,
301.96,,
302.0,,
302.04,,
302.08,,
302.12,,
302.16,,
302.2,,
302.24,,
302.28,,
302.32,,
302.36,,
302.4,,
302.44,,
302.48,,
302.52,,
302.56,,
302.6,,
302.64,,
302.68,,
302.72,,
302.76,,
302.8,,
302.84,,
302.88,,
302.92,,
302.96,,
303.0,,
303.04,,
303.08,,
303.12,,
303.16,,
303.2,,
303.24,,
303.28,,
303.32,,
303.36,,
303.4,,
303.44,,
303.48,,
303.52,,
303.56,,
303.6,,
303.64,,
303.68,,
303.72,,
303.76,,
303.8,,
303.84,,
303.88,,
303.92,,
303.96,,
304.0,,
304.04,,
304.08,,
304.12,,
304.16,,
304.2,,
304.24,,
304.28,,
304.32,,
304.36,,
304.4,,
304.44,,
304.48,,
304.52,,
304.56,,
304.6,,
304.64,,
304.68,,
304.72,,
304.76,,
304.8,,
304.84,,
304.88,,
304.92,,
304.96,,
305.0,,
305.04,,
305.08,,
305.12,,
305.16,,
305.2,,
305.24,,
305.28,,
305.32,,
305.36,,
305.4,,
305.44,,
305.48,,
305.52,,
305.56,,
305.6,,
305.64,,
305.68,,
305.72,,
305.76,,
305.8,,
305.84,,
305.88,,
305.92,,
305.96,,
306.0,,
306.04,,
306.08,,
306.12,,
306.16,,
306.2,,
306.24,,
306.28,,
306.32,,
306.36,,
306.4,,
306.44,,
306.48,,
306.52,,
306.56,,
306.6,,
306.64,,
306.68,,
306.72,,
306.76,,
306.8,,
306.84,,
306.88,,
306.92,,
306.96,,
307.0,,
307.04,,
307.08,,
307.12,,
307.16,,
307.2,,
307.24,,
307.28,,
307.32,,
307.36,,
307.4,,
307.44,,
307.48,,
307.52,,
307.56,,
307.6,,
307.64,,
307.68,,
307.72,,
307.76,,
307.8,,
307.84,,
307.88,,
307.92,,
307.96,,
308.0,,
308.04,,
308.08,,
308.12,,
308.16,,
308.2,,
308.24,,
308.28,,
308.32,,
308.36,,
308.4,,
308.44,,
308.48,,
308.52,,
308.56,,
308.6,,
308.64,,
308.68,,
308.72,,
308.76,,
308.8,,
308.84,,
308.88,,
308.92,,
308.96,,
309.0,,
309.04,,
309.08,,
309.12,,
309.16,,
309.2,,
309.24,,
309.28,,
309.32,,
309.36,,
309.4,,
309.44,,
309.48,,
309.52,,
309.56,,
309.6,,
309.64,,
309.68,,
309.72,,
309.76,,
309.8,,
309.84,,
309.88,,
309.92,,
309.96,,
310.0,,
310.04,,
310.08,,
310.12,,
310.16,,
310.2,,
310.24,,
310.28,,
310.32,,
310.36,,
310.4,,
310.44,,
310.48,,
310.52,,
310.56,,
310.6,,
310.64,,
310.68,,
310.72,,
310.76,,
310.8,,
310.84,,
310.88,,
310.92,,
310.96,,
311.0,,
311.04,,
311.08,,
311.12,,
311.16,,
311.2,,
311.24,,
311.28,,
311.32,,
311.36,,
311.4,,
311.44,,
311.48,,
311.52,,
311.56,,
311.6,,
311.64,,
311.68,,
311.72,,
311.76,,
311.8,,
311.84,,
311.88,,
311.92,,
311.96,,
312.0,,
312.04,,
312.08,,
312.12,,
312.16,,
312.2,,
312.24,,
312.28,,
312.32,,
312.36,,
312.4,,
312.44,,
312.48,,
312.52,,
312.56,,
312.6,,
312.64,,
312.68,,
312.72,,
312.76,,
312.8,,
312.84,,
312.88,,
312.92,,
312.96,,
313.0,,
313.04,,
313.08,,
313.12,,
313.16,,
313.2,,
313.24,,
313.28,,
313.32,,
313.36,,
313.4,,
313.44,,
313.48,,
313.52,,
313.56,,
313.6,,
313.64,,
313.68,,
313.72,,
313.76,,
313.8,,
313.84,,
313.88,,
313.92,,
313.96,,
314.0,,
314.04,,
314.08,,
314.12,,
314.16,,
314.2,,
314.24,,
314.28,,
314.32,,
314.36,,
314.4,,
314.44,,
314.48,,
314.52,,
314.56,,
